date,close,high,low,open,volume,ticker
2021-01-04 00:00:00.000000,178.2501220703125,181.55741354651116,176.2898996492201,181.52025917992657,8825800,VTI
2021-01-05 00:00:00.000000,179.69007873535156,180.18245554893375,177.83204874428105,177.89708659827758,3894000,VTI
2021-01-06 00:00:00.000000,181.30654907226562,182.91374086046073,178.79821170802276,178.83536606628644,6175700,VTI
2021-01-07 00:00:00.000000,184.21437072753906,184.52094736632563,182.45853301495657,182.47711728339183,4830900,VTI
2021-01-08 00:00:00.000000,185.1062469482422,185.30134634416635,182.9973788356614,185.0040547266904,7538700,VTI
2021-01-11 00:00:00.000000,184.00071716308594,184.92973220615968,183.22034792905868,183.4061481025445,3858600,VTI
2021-01-12 00:00:00.000000,184.6510009765625,184.8646846152971,183.3318014870917,184.288685723649,3874100,VTI
2021-01-13 00:00:00.000000,184.8553924560547,185.41280710136044,183.99141534903836,184.62313871645117,3465800,VTI
2021-01-14 00:00:00.000000,184.67886352539062,185.83084709084687,184.42803971185242,185.38492391335893,4289000,VTI
2021-01-15 00:00:00.000000,183.07164001464844,184.17716980896856,182.06830240742445,183.90776177515497,3444800,VTI
2021-01-19 00:00:00.000000,184.74388122558594,184.91109708304316,183.7869971284277,184.55808110319768,4153700,VTI
2021-01-20 00:00:00.000000,187.07574462890625,187.43805990919836,185.77512930879206,185.8773215250613,5224900,VTI
2021-01-21 00:00:00.000000,186.93638610839844,187.66101662269205,186.52761726943424,187.52167005288285,2960600,VTI
2021-01-22 00:00:00.000000,186.62979125976562,187.01997579278319,185.7658142600071,186.04450737241854,3045900,VTI
2021-01-25 00:00:00.000000,187.15933227539062,187.61454046575537,184.27009561197605,186.98281719110994,5323200,VTI
2021-01-26 00:00:00.000000,186.4811248779297,187.97683917705237,186.43467130578006,187.5587853789855,4046900,VTI
2021-01-27 00:00:00.000000,182.0032958984375,184.94827116236092,180.8327281585507,184.92040185194847,6727700,VTI
2021-01-28 00:00:00.000000,183.4340057373047,185.50570518223702,182.7744130370912,182.86730603009568,5310100,VTI
2021-01-29 00:00:00.000000,180.2196044921875,183.24818794510864,179.13265876667,182.77439545213198,8315700,VTI
2021-02-01 00:00:00.000000,183.29466247558594,183.69413212158295,180.72128695443368,181.9754628756523,3900700,VTI
2021-02-02 00:00:00.000000,185.9237823486328,186.6948665240234,184.92044441591895,185.05979100005516,3278700,VTI
2021-02-03 00:00:00.000000,186.2024383544922,186.9735223759893,185.42206928778725,186.56476775222114,2905600,VTI
2021-02-04 00:00:00.000000,188.56214904785156,188.56214904785156,186.75985793433932,186.88063440348455,2746400,VTI
2021-02-05 00:00:00.000000,189.6212921142578,189.78850804513178,188.7387305136914,189.63057716297962,3127200,VTI
2021-02-08 00:00:00.000000,191.3213348388672,191.35848919837392,190.24367412981732,190.624573649064,3676700,VTI
2021-02-09 00:00:00.000000,191.39569091796875,191.79516059840802,190.68034533656325,191.00550628510533,3384800,VTI
2021-02-10 00:00:00.000000,191.3120574951172,192.51049481698823,189.93711922585177,192.37114823334943,3682400,VTI
2021-02-11 00:00:00.000000,191.7672882080078,192.25038001147152,190.2808726079082,192.02741129241636,2630000,VTI
2021-02-12 00:00:00.000000,192.76132202148438,192.77989211449747,191.19128444762282,191.27489239311234,2416700,VTI
2021-02-16 00:00:00.000000,192.41757202148438,193.59742497786158,191.8601715565409,193.52310208074047,4955700,VTI
2021-02-17 00:00:00.000000,192.01809692382812,192.21318211952257,190.48521379372937,191.39565862577933,4484000,VTI
2021-02-18 00:00:00.000000,190.91259765625,191.46071314760948,189.52836009312574,190.66175961715606,3658900,VTI
2021-02-19 00:00:00.000000,191.34921264648438,192.33396623701708,191.05192105466296,191.77655159017354,4921800,VTI
2021-02-22 00:00:00.000000,189.52833557128906,190.94044226987103,189.43544258131962,190.1879424255953,4400300,VTI
2021-02-23 00:00:00.000000,189.50045776367188,190.15076536688534,185.20841340682045,188.17197324393885,5707900,VTI
2021-02-24 00:00:00.000000,191.62794494628906,191.82303017516097,188.3856772066574,189.14747637825863,3722800,VTI
2021-02-25 00:00:00.000000,186.6205596923828,191.73014279353262,185.80302185999227,191.13557369060646,7581100,VTI
2021-02-26 00:00:00.000000,185.8773193359375,188.30204900645677,184.4559275472514,187.65174135405852,6324600,VTI
2021-03-01 00:00:00.000000,190.6524200439453,191.2377039092277,188.65504387687457,188.72935258695523,4691800,VTI
2021-03-02 00:00:00.000000,188.8594512939453,190.95903424613783,188.74797403122494,190.91258066145642,4859000,VTI
2021-03-03 00:00:00.000000,186.137451171875,189.09171215017412,185.970221095864,188.79443471319638,4334000,VTI
2021-03-04 00:00:00.000000,183.1924591064453,186.95497246541026,180.71199090662296,185.84014319190726,7198800,VTI
2021-03-05 00:00:00.000000,186.49974060058594,186.92709369055234,180.33108225061093,185.21769550632902,6614800,VTI
2021-03-08 00:00:00.000000,185.5893096923828,188.48783163090516,185.40350954836205,187.14076286720174,4281400,VTI
2021-03-09 00:00:00.000000,188.46925354003906,189.84420583726364,187.39160699914672,187.87468455430292,4116100,VTI
2021-03-10 00:00:00.000000,189.81629943847656,190.6988606107999,189.15669273246814,190.02996886057505,4133800,VTI
2021-03-11 00:00:00.000000,192.29681396484375,193.07718313838743,191.10767593592666,191.45140693901635,4102700,VTI
2021-03-12 00:00:00.000000,192.67771911621094,192.73347192774105,190.95904974862313,191.52574950619737,4069000,VTI
2021-03-15 00:00:00.000000,194.0247802734375,194.07121968097243,191.7393972321141,192.984273877689,3421900,VTI
2021-03-16 00:00:00.000000,193.24436950683594,194.44280657478973,192.6405155381494,194.2941607999729,4599900,VTI
2021-03-17 00:00:00.000000,193.97833251953125,194.43354079168515,191.7115336784879,192.59409508282366,3347000,VTI
2021-03-18 00:00:00.000000,190.4480743408203,193.64388819786197,190.23440486074014,192.72415824781353,3641900,VTI
2021-03-19 00:00:00.000000,190.68959045410156,191.5164131358629,189.1195672038319,190.57811320395376,3871000,VTI
2021-03-22 00:00:00.000000,191.72084045410156,192.54766332091484,190.8011245832554,191.26563213035598,3603900,VTI
2021-03-23 00:00:00.000000,189.53762817382812,191.78584258183466,189.18459796760106,191.5535888515574,4764800,VTI
2021-03-24 00:00:00.000000,187.9676055908203,191.23774234155496,187.9676055908203,190.60600477378352,4014500,VTI
2021-03-25 00:00:00.000000,189.35833740234375,189.83372309852504,185.95613805933434,187.27973392674485,4976800,VTI
2021-03-26 00:00:00.000000,192.45289611816406,192.6113532293903,189.44218255910462,190.2531143115214,3554900,VTI
2021-03-29 00:00:00.000000,191.54876708984375,192.3503829370912,190.3743126162457,191.63265364734033,4562900,VTI
2021-03-30 00:00:00.000000,191.4928436279297,191.9122906402873,190.42090768203585,191.24116973136233,3960500,VTI
2021-03-31 00:00:00.000000,192.65794372558594,193.52479976351484,192.01478513079783,192.06139350574523,5494800,VTI
2021-04-01 00:00:00.000000,195.0721435546875,195.09078975275693,193.468911869881,193.86972690252352,4543300,VTI
2021-04-05 00:00:00.000000,197.34646606445312,197.57017773854577,196.26521430732473,196.53553435804665,5941400,VTI
2021-04-06 00:00:00.000000,197.4210662841797,198.06422499880833,197.05754364846112,197.31853352934206,4029900,VTI
2021-04-07 00:00:00.000000,197.25328063964844,197.71933603420229,196.7592630592519,197.4117377670509,3299100,VTI
2021-04-08 00:00:00.000000,198.39976501464844,198.39976501464844,197.39308376798485,198.1107987550451,3628900,VTI
2021-04-09 00:00:00.000000,199.60218811035156,199.7047208580037,198.1853758399442,198.39977154505004,3559100,VTI
2021-04-12 00:00:00.000000,199.6581573486328,199.81661449918292,198.84722539496926,199.52766238801013,3882800,VTI
2021-04-13 00:00:00.000000,200.2174072265625,200.6648164383051,199.47171572506986,199.80727618959742,4056900,VTI
2021-04-14 00:00:00.000000,199.76998901367188,201.21474934304362,199.50898491045962,200.45974188759598,3765600,VTI
2021-04-15 00:00:00.000000,201.8951873779297,201.96042773234657,200.8325817274303,201.08424138102797,5439600,VTI
2021-04-16 00:00:00.000000,202.4078826904297,202.70616501491102,201.6342431349349,202.6968490258525,4306000,VTI
2021-04-19 00:00:00.000000,201.08424377441406,202.18414183156955,200.403806924009,202.01635450429316,3986900,VTI
2021-04-20 00:00:00.000000,199.23866271972656,200.90713461963952,198.46500912967156,200.60886659064707,5210300,VTI
2021-04-21 00:00:00.000000,201.61558532714844,201.6435475155983,198.77264431071862,199.14548297197229,3167900,VTI
2021-04-22 00:00:00.000000,200.04029846191406,202.30532086879674,199.3598615633654,201.75537891274894,4394800,VTI
2021-04-23 00:00:00.000000,202.4637908935547,203.07897320538086,200.3758576043402,200.47839036012488,4374300,VTI
2021-04-26 00:00:00.000000,203.2001495361328,203.45182342851567,202.6874857638277,202.9578058541712,3202500,VTI
2021-04-27 00:00:00.000000,203.10691833496094,203.50773333678075,202.59426882197013,203.47977115326782,2670000,VTI
2021-04-28 00:00:00.000000,203.07896423339844,203.7966934921821,202.8459365462631,203.26539776141175,2603900,VTI
2021-04-29 00:00:00.000000,203.85264587402344,204.73814836224363,202.2121358513957,204.6915541967188,4178800,VTI
2021-04-30 00:00:00.000000,202.3612518310547,203.35860294907542,202.03500737566688,202.74340643354031,3256600,VTI
2021-05-03 00:00:00.000000,202.71542358398438,203.73143501893585,202.5476504911491,203.73143501893585,3846300,VTI
2021-05-04 00:00:00.000000,201.1961212158203,201.83926571851092,199.294607225181,201.78334134635364,4900000,VTI
2021-05-05 00:00:00.000000,201.1588134765625,202.2121031481291,200.66479592967642,202.2121031481291,2032600,VTI
2021-05-06 00:00:00.000000,202.1841278076172,202.22140597615902,199.54625291828262,201.13083820459045,4131200,VTI
2021-05-07 00:00:00.000000,203.89926147460938,204.1229732131511,202.3612841629258,202.64090605749828,3868100,VTI
2021-05-10 00:00:00.000000,201.50372314453125,204.03906587512037,201.38255840173213,204.02974988656143,4443800,VTI
2021-05-11 00:00:00.000000,199.88182067871094,200.31991384531133,197.62611449264097,198.80988484054544,5959900,VTI
2021-05-12 00:00:00.000000,195.37973022460938,199.1268193328015,195.00689162263882,198.4836606549535,5788400,VTI
2021-05-13 00:00:00.000000,197.53289794921875,198.4650086497471,196.05084534887004,196.09745372847257,4970900,VTI
2021-05-14 00:00:00.000000,200.9071502685547,201.29864931035257,199.00565054483593,199.05225892818154,4292600,VTI
2021-05-17 00:00:00.000000,200.4783477783203,200.7579838004183,199.2293229988788,200.31056047590997,4063200,VTI
2021-05-18 00:00:00.000000,198.9124298095703,200.99104703768387,198.85650543982402,200.63684039878208,3173100,VTI
2021-05-19 00:00:00.000000,198.33453369140625,198.33453369140625,195.5102391222503,196.27457680062935,6015000,VTI
2021-05-20 00:00:00.000000,200.48770141601562,201.0190113800708,198.70736643794942,198.73534284600424,3478300,VTI
2021-05-21 00:00:00.000000,200.37586975097656,202.0257099312033,200.13352605119567,201.41051335920244,3623300,VTI
2021-05-24 00:00:00.000000,202.39854431152344,202.92052409873892,201.2613679652829,201.55965025676744,2873700,VTI
2021-05-25 00:00:00.000000,201.83924865722656,203.21878276061125,201.52233442653582,203.0509954354403,3700600,VTI
2021-05-26 00:00:00.000000,202.56631469726562,202.79001217426853,201.78333085911166,202.24938623337604,3258100,VTI
2021-05-27 00:00:00.000000,202.93917846679688,203.42388009852922,202.81799950314303,203.20016837091052,2617200,VTI
2021-05-28 00:00:00.000000,203.28404235839844,203.88059270559123,203.22811798567443,203.75942797231664,2635700,VTI
2021-06-01 00:00:00.000000,203.367919921875,204.6262751440323,203.0230434900773,204.6262751440323,3805700,VTI
2021-06-02 00:00:00.000000,203.63819885253906,203.96444324357248,203.0975730112464,203.77800974990842,3599400,VTI
2021-06-03 00:00:00.000000,202.7340850830078,203.24674883239163,201.4104895446139,202.54766578038127,2967000,VTI
2021-06-04 00:00:00.000000,204.49578857421875,204.57967513302697,203.6289323541029,203.73146511138475,2287100,VTI
2021-06-07 00:00:00.000000,204.66355895996094,204.76607748586784,204.16021120304575,204.64491276303198,2762800,VTI
2021-06-08 00:00:00.000000,205.08302307128906,205.32536676008297,203.81535180897828,205.09233905909116,2831700,VTI
2021-06-09 00:00:00.000000,204.5050506591797,205.53037796174564,204.45845650959993,205.44649142504798,2688600,VTI
2021-06-10 00:00:00.000000,205.4092559814453,205.90327357612082,204.30937204549073,205.260129060268,2936700,VTI
2021-06-11 00:00:00.000000,206.0150909423828,206.0150909423828,205.18551306864853,205.79137927581388,2837200,VTI
2021-06-14 00:00:00.000000,206.33204650878906,206.3600086948571,205.41858191050812,206.18290536783812,3189400,VTI
2021-06-15 00:00:00.000000,205.7914276123047,206.49051073379485,205.2228394379107,206.45323255871702,3094000,VTI
2021-06-16 00:00:00.000000,204.7660675048828,205.96849824777343,203.55433499830252,205.96849824777343,3459600,VTI
2021-06-17 00:00:00.000000,204.57034301757812,205.120284934697,203.15353072580243,204.54238083351316,3002900,VTI
2021-06-18 00:00:00.000000,202.03500366210938,203.3399530139117,201.82993816070027,203.19082610433514,4538300,VTI
2021-06-21 00:00:00.000000,204.82203674316406,204.87796111671275,202.34261854803498,202.8925605184402,3870000,VTI
2021-06-22 00:00:00.000000,205.9871368408203,206.32269724239495,204.30000462384137,204.9245312729806,2684300,VTI
2021-06-23 00:00:00.000000,205.90328979492188,206.546448584318,205.81940322836152,206.08972335112276,2662200,VTI
2021-06-24 00:00:00.000000,207.30105590820312,207.4412953676556,206.89901234697925,207.1047063984936,2931600,VTI
2021-06-25 00:00:00.000000,208.07708740234375,208.21732686619737,207.47870857910755,207.80593875025812,2801300,VTI
2021-06-28 00:00:00.000000,208.3108367919922,208.48848296353495,207.43196474318722,208.48848296353495,3094900,VTI
2021-06-29 00:00:00.000000,208.32020568847656,208.8718333524574,208.00232001090916,208.78768966130343,4068000,VTI
2021-06-30 00:00:00.000000,208.3295440673828,208.63807090468978,207.99295506929795,208.20799368109522,3041700,VTI
2021-07-01 00:00:00.000000,209.46084594726562,209.488893841401,208.59133269611482,208.8718116374685,3836000,VTI
2021-07-02 00:00:00.000000,210.62017822265625,210.75107313027632,209.72260295149366,210.09659859217595,3026400,VTI
2021-07-06 00:00:00.000000,210.1620330810547,210.85391429726204,208.6473900111266,210.72301939327411,4147200,VTI
2021-07-07 00:00:00.000000,210.4425506591797,210.70434049753644,208.9840031979131,210.4425506591797,4042200,VTI
2021-07-08 00:00:00.000000,208.6660614013672,209.17095189285325,206.75873378118504,207.49735190539266,4486100,VTI
2021-07-09 00:00:00.000000,211.19052124023438,211.28400945592662,209.45148064382968,209.58237555897946,3886600,VTI
2021-07-12 00:00:00.000000,211.779541015625,211.8730434977005,210.80718082782812,211.25596135554392,3294600,VTI
2021-07-13 00:00:00.000000,210.60150146484375,211.78891459091275,210.47995108296553,211.3962298184716,4668400,VTI
2021-07-14 00:00:00.000000,210.3116455078125,211.73280046580373,209.8254582888858,211.5551543127454,2830200,VTI
2021-07-15 00:00:00.000000,209.57301330566406,210.1433441979714,208.3669111977881,209.8535064810813,3276500,VTI
2021-07-16 00:00:00.000000,207.927490234375,210.36775678372527,207.74049952608476,210.36775678372527,3203300,VTI
2021-07-19 00:00:00.000000,204.9729461669922,205.51522909547103,203.65465267284353,205.51522909547103,6966200,VTI
2021-07-20 00:00:00.000000,208.51649475097656,209.16162472898463,205.1225575274427,205.64613714250007,5362900,VTI
2021-07-21 00:00:00.000000,210.38644409179688,210.38644409179688,209.01204037762815,209.1990310716597,2542500,VTI
2021-07-22 00:00:00.000000,210.5640869140625,210.69498182446185,209.60105703540447,210.55472810629988,2236200,VTI
2021-07-23 00:00:00.000000,212.66778564453125,212.80802511030095,211.14378353960925,211.5364683102411,2982700,VTI
2021-07-26 00:00:00.000000,213.09786987304688,213.09786987304688,212.35925155152458,212.47144312783755,2849700,VTI
2021-07-27 00:00:00.000000,211.94784545898438,212.63971247626498,210.34904429959832,212.59297550107917,4169600,VTI
2021-07-28 00:00:00.000000,212.2750701904297,212.9949993474817,211.48035616840204,212.34986932188093,3306700,VTI
2021-07-29 00:00:00.000000,213.21005249023438,213.8738859106384,212.77997528812182,212.77997528812182,2960900,VTI
2021-07-30 00:00:00.000000,211.94784545898438,213.09785181818867,211.67669681723174,211.8356538921769,2846800,VTI
2021-08-02 00:00:00.000000,211.64865112304688,213.26615564918714,211.48036377108838,213.03241370492736,3558100,VTI
2021-08-03 00:00:00.000000,213.16331481933594,213.17265936144656,210.62954579265855,212.07874874249,3245400,VTI
2021-08-04 00:00:00.000000,212.20962524414062,212.88280314606152,212.00393120374952,212.41531928453176,3374500,VTI
2021-08-05 00:00:00.000000,213.72425842285156,213.73361723018988,212.46206061547096,212.72385042440064,2461700,VTI
2021-08-06 00:00:00.000000,213.98605346679688,214.39744153845768,213.53727296429187,214.04214924630062,2343100,VTI
2021-08-09 00:00:00.000000,213.90194702148438,214.1450335304617,213.19137657998934,213.97674616266448,3295500,VTI
2021-08-10 00:00:00.000000,214.0421600341797,214.39745234424373,213.64947529138686,214.10761462454968,2946700,VTI
2021-08-11 00:00:00.000000,214.4629364013672,214.56578343859692,213.55601641847164,214.51903219140564,3051400,VTI
2021-08-12 00:00:00.000000,215.06130981445312,215.06130981445312,213.89259999672075,214.43488306412584,2746000,VTI
2021-08-13 00:00:00.000000,215.18284606933594,215.27634856140412,214.8182091766337,215.25764520969503,2516000,VTI
2021-08-16 00:00:00.000000,215.2669677734375,215.27631231448,213.43442480938558,214.55638319290875,3193200,VTI
2021-08-17 00:00:00.000000,213.66815185546875,214.14498021198273,212.03195849904125,213.845797988231,3735100,VTI
2021-08-18 00:00:00.000000,211.53646850585938,213.94868718466583,211.35882233806902,213.27550921539535,3194100,VTI
2021-08-19 00:00:00.000000,211.3775177001953,212.06939899426226,209.80676440910378,210.1059609470169,3964500,VTI
2021-08-20 00:00:00.000000,213.27548217773438,213.35028130555708,211.32140311271905,211.60189627543545,2655100,VTI
2021-08-23 00:00:00.000000,215.34176635742188,215.73445107733966,213.90190811791527,214.17305673868756,3180600,VTI
2021-08-24 00:00:00.000000,216.1083984375,216.3608436700296,215.66896254869653,215.84660866542208,2772300,VTI
2021-08-25 00:00:00.000000,216.72552490234375,216.93121894638304,215.95884450792894,216.34218470513633,2897000,VTI
2021-08-26 00:00:00.000000,215.27635192871094,216.71619617033258,215.1922082444198,216.55725334451236,3352000,VTI
2021-08-27 00:00:00.000000,217.5950469970703,217.7913965077158,215.66901565686942,215.7905660332917,3749800,VTI
2021-08-30 00:00:00.000000,218.41781616210938,218.7544051220194,217.66049456893077,218.05317931107984,3194000,VTI
2021-08-31 00:00:00.000000,218.0063934326172,218.43648480557468,217.63241209945943,218.3710302257117,3099400,VTI
2021-09-01 00:00:00.000000,218.38978576660156,218.97882006025162,218.0812446730933,218.61418318001034,3533100,VTI
2021-09-02 00:00:00.000000,219.12843322753906,219.3902231114458,218.48330306131226,219.07233743334172,3274600,VTI
2021-09-03 00:00:00.000000,219.05357360839844,219.24992310036407,218.43650577609517,218.78243925580037,2484200,VTI
2021-09-07 00:00:00.000000,218.10928344726562,219.06295458128378,217.86619695942719,219.0535957729017,3256800,VTI
2021-09-08 00:00:00.000000,217.5950469970703,218.09057877813262,216.52918430072245,217.85683683361356,3027600,VTI
2021-09-09 00:00:00.000000,216.8376922607422,218.4551822751533,216.6787494747225,217.5389179871976,3265900,VTI
2021-09-10 00:00:00.000000,215.1173858642578,218.02513619462474,215.00519429732273,217.87553792772735,3385600,VTI
2021-09-13 00:00:00.000000,215.60357666015625,216.66943936307513,214.41616358006578,216.454386500929,3312700,VTI
2021-09-14 00:00:00.000000,214.303955078125,216.4356803155252,213.75231328672513,216.36088118675107,3158900,VTI
2021-09-15 00:00:00.000000,216.071044921875,216.29542804322043,213.84581719203186,214.50029174008128,2598900,VTI
2021-09-16 00:00:00.000000,215.87469482421875,216.46372904906363,214.38809958353656,215.92144606319417,2537200,VTI
2021-09-17 00:00:00.000000,214.14501953125,215.8186198894832,213.78038265838254,215.54747123712124,3078200,VTI
2021-09-20 00:00:00.000000,210.4331817626953,211.59253255081842,207.85266184544165,210.84455555644814,7749300,VTI
2021-09-21 00:00:00.000000,210.4145050048828,212.26573724337382,209.8628774300838,211.77954999562192,4564400,VTI
2021-09-22 00:00:00.000000,212.536865234375,213.57466568957514,211.14375822005306,211.6112420718621,4187300,VTI
2021-09-23 00:00:00.000000,215.12672424316406,215.93079707160797,213.21939632752827,213.58403317609728,3778100,VTI
2021-09-24 00:00:00.000000,215.38372802734375,215.6744806402455,214.02374828004042,214.36139970729928,3122800,VTI
2021-09-27 00:00:00.000000,214.91477966308594,215.59945659141337,214.32388605683227,214.9335420521045,2856700,VTI
2021-09-28 00:00:00.000000,210.41273498535156,213.64855251865225,210.14074478539322,213.51724443737797,5078600,VTI
2021-09-29 00:00:00.000000,210.55343627929688,211.96031474466608,210.35646699708172,211.23811312522102,4585500,VTI
2021-09-30 00:00:00.000000,208.27426147460938,214.2206636611512,208.16171579016574,211.3600225638301,5080200,VTI
2021-10-01 00:00:00.000000,211.14431762695312,211.62266546935567,207.2988583698316,209.24973157881615,5148600,VTI
2021-10-04 00:00:00.000000,207.9647674560547,210.46900936744277,206.84864160133142,210.31895321025482,4984000,VTI
2021-10-05 00:00:00.000000,209.90626525878906,211.02239110650257,208.3118058955587,208.62130655697652,3568200,VTI
2021-10-06 00:00:00.000000,210.7785186767578,210.8535539090887,207.26132266347554,208.11483233079377,3076000,VTI
2021-10-07 00:00:00.000000,212.80442810058594,214.1831700897455,212.0728524710124,212.43864028579915,3081300,VTI
2021-10-08 00:00:00.000000,212.33546447753906,213.4234538633498,211.98843905559357,213.28275743794788,1922600,VTI
2021-10-11 00:00:00.000000,210.80670166015625,213.46101455514386,210.73166641125255,212.03538776050493,2354900,VTI
2021-10-12 00:00:00.000000,210.6566162109375,211.68831853914807,210.2439295550499,211.32253069624923,2898400,VTI
2021-10-13 00:00:00.000000,211.61325073242188,211.99780090363387,209.76554941480018,211.19119010349695,3179500,VTI
2021-10-14 00:00:00.000000,215.13050842285156,215.1867812813735,213.37660421187027,213.5735735282073,2688800,VTI
2021-10-15 00:00:00.000000,216.40602111816406,216.80933368216847,215.974586443934,216.36851065969006,2717900,VTI
2021-10-18 00:00:00.000000,217.1938934326172,217.27830270153333,215.20549556971426,215.78701503798646,3078300,VTI
2021-10-19 00:00:00.000000,218.7790069580078,218.79776934747443,217.70040570358975,218.06619358488464,2683100,VTI
2021-10-20 00:00:00.000000,219.6324920654297,219.80132492860758,218.90091638517808,219.05098686100104,2838400,VTI
2021-10-21 00:00:00.000000,220.23275756835938,220.36406565558198,219.1635304834016,219.38863619500097,2839800,VTI
2021-10-22 00:00:00.000000,219.8106689453125,220.701689017617,218.83523960870158,220.03577462830253,2144500,VTI
2021-10-25 00:00:00.000000,221.1613006591797,221.311371132311,219.5668412388066,220.47662380384162,2170100,VTI
2021-10-26 00:00:00.000000,221.07687377929688,222.46498976644816,220.8423940505176,221.9585055378411,2759900,VTI
2021-10-27 00:00:00.000000,219.56686401367188,221.42393979889837,219.46369234163097,221.39580337120628,3409600,VTI
2021-10-28 00:00:00.000000,221.91163635253906,221.91163635253906,220.20461693972345,220.35468741125825,2104900,VTI
2021-10-29 00:00:00.000000,222.202392578125,222.40873590198086,220.75798931113403,220.86116097306194,3565900,VTI
2021-11-01 00:00:00.000000,223.3091278076172,223.3372642322596,222.02418337725285,222.99023878733095,3967500,VTI
2021-11-02 00:00:00.000000,224.00318908691406,224.09697239691081,223.14030535280241,223.52485556485988,4004800,VTI
2021-11-03 00:00:00.000000,225.58827209472656,225.78522706173243,223.5060908601907,223.871878681852,3704400,VTI
2021-11-04 00:00:00.000000,226.44178771972656,226.78882749752043,225.59766630548933,226.06662582706753,3557000,VTI
2021-11-05 00:00:00.000000,227.31402587890625,228.39262689263668,226.40424339817432,227.67981367857635,3919400,VTI
2021-11-08 00:00:00.000000,227.689208984375,228.43954703908562,227.3796940001253,228.07375920524655,3401400,VTI
2021-11-09 00:00:00.000000,227.03268432617188,228.04563862367894,226.21669932741995,227.9518409935081,2764100,VTI
2021-11-10 00:00:00.000000,224.80043029785156,226.93889889143247,223.90941006557304,226.1697984034284,3356500,VTI
2021-11-11 00:00:00.000000,225.07240295410156,225.81335259915318,225.06302891710334,225.7289433316486,2277100,VTI
2021-11-12 00:00:00.000000,226.74191284179688,227.01390304824582,225.29752391331175,225.70082220416845,2419900,VTI
2021-11-15 00:00:00.000000,226.74191284179688,227.60479658383457,226.1697816929829,227.3890792262021,3630500,VTI
2021-11-16 00:00:00.000000,227.7173614501953,228.22384575519405,226.42304288393993,226.65752264808515,2947400,VTI
2021-11-17 00:00:00.000000,226.77940368652344,227.53913001435015,226.4417523113249,227.53913001435015,2809000,VTI
2021-11-18 00:00:00.000000,227.13584899902344,227.38909114347766,225.58828832943243,227.25778305218816,3507700,VTI
2021-11-19 00:00:00.000000,226.4886932373047,227.5579204056873,226.34801110127117,227.06082444302317,3353800,VTI
2021-11-22 00:00:00.000000,225.4007110595703,228.47708437263626,225.33504985710124,227.29529722026354,3902900,VTI
2021-11-23 00:00:00.000000,225.47572326660156,226.13227801985911,223.44982909084783,225.19435901407206,3826200,VTI
2021-11-24 00:00:00.000000,226.23544311523438,226.23544311523438,223.81561043317168,224.29394396009386,2195400,VTI
2021-11-26 00:00:00.000000,221.33950805664062,223.31851770206373,220.35469025281725,222.5119067965475,5730300,VTI
2021-11-29 00:00:00.000000,223.4216766357422,224.42524245794712,221.83659133984602,223.6749044448504,4789200,VTI
2021-11-30 00:00:00.000000,218.9571533203125,222.971444865311,218.62889030874138,222.27739407361406,7231400,VTI
2021-12-01 00:00:00.000000,215.87142944335938,223.10277654938048,215.60881328170018,221.7334228938014,5274700,VTI
2021-12-02 00:00:00.000000,219.37925720214844,220.1108329066628,215.80578795821074,215.9183479745652,4257400,VTI
2021-12-03 00:00:00.000000,216.83746337890625,220.6641740423633,214.8021811715356,220.25148745441606,5821900,VTI
2021-12-06 00:00:00.000000,219.6231231689453,220.57979027381896,216.6123967901138,218.16934581233207,4210600,VTI
2021-12-07 00:00:00.000000,224.3220977783203,224.81919373058037,222.6057041970887,222.812047533292,4284700,VTI
2021-12-08 00:00:00.000000,225.2881317138672,225.45696456893904,223.8249804236134,224.69725249988474,3417400,VTI
2021-12-09 00:00:00.000000,223.1403350830078,225.00678492065737,223.01840102110762,224.65038539677235,2853800,VTI
2021-12-10 00:00:00.000000,224.65972900390625,224.97861801790071,222.82141584316705,224.5565573450836,2610800,VTI
2021-12-13 00:00:00.000000,222.6150360107422,224.72535334018735,222.41806676293163,224.63155573427656,5839100,VTI
2021-12-14 00:00:00.000000,220.9456024169922,222.15551172147428,219.51996142190123,220.83304239664997,3360400,VTI
2021-12-15 00:00:00.000000,224.35020446777344,224.3971032764231,219.33234679541388,220.9361801460804,3720700,VTI
2021-12-16 00:00:00.000000,221.83660888671875,225.5601485119861,221.02999796335206,225.37255326024305,3876100,VTI
2021-12-17 00:00:00.000000,220.82362365722656,222.43684527764785,218.85398828230328,220.41093705969928,4455100,VTI
2021-12-20 00:00:00.000000,217.71913146972656,217.92547478462006,215.78702071345785,217.6909950460145,5839800,VTI
2021-12-21 00:00:00.000000,221.98666381835938,222.13673429431648,218.74147206695952,219.6512546491256,4158800,VTI
2021-12-22 00:00:00.000000,224.18141174316406,224.25644698334185,221.8647505818942,221.939785822072,3202900,VTI
2021-12-23 00:00:00.000000,225.72898864746094,226.37615511793052,224.6316250150816,224.97865050327147,2925100,VTI
2021-12-27 00:00:00.000000,228.69302368164062,228.69302368164062,226.22686432042116,226.35864273187795,4395100,VTI
2021-12-28 00:00:00.000000,228.2223663330078,229.46484634773728,227.827016767245,228.78712475324176,3960900,VTI
2021-12-29 00:00:00.000000,228.35421752929688,228.88133130132385,227.51648006387404,228.30715072191452,3044300,VTI
2021-12-30 00:00:00.000000,227.98707580566406,229.38016398853637,227.78940099757614,228.83422072542294,4501500,VTI
2021-12-31 00:00:00.000000,227.2623291015625,228.43892746349258,227.2623291015625,227.87415450465696,3499900,VTI
2022-01-03 00:00:00.000000,228.70245361328125,228.70245361328125,226.71635527073488,228.18474753104954,4204000,VTI
2022-01-04 00:00:00.000000,228.26942443847656,229.72840886186975,227.1775523871011,229.41778525977168,4217000,VTI
2022-01-05 00:00:00.000000,223.31832885742188,228.41064909739995,223.27126205887043,227.86470583229826,4878300,VTI
2022-01-06 00:00:00.000000,223.26185607910156,224.74907787504043,221.70873789215412,223.2712636937726,4519200,VTI
2022-01-07 00:00:00.000000,222.2452850341797,224.09019736176546,221.5016812791595,223.26186761924475,3580200,VTI
2022-01-10 00:00:00.000000,221.85934448242188,221.99112290082448,217.4071011005651,220.45684867858765,5819600,VTI
2022-01-11 00:00:00.000000,224.07138061523438,224.12785503495837,220.3439109229576,221.86879206936595,3524800,VTI
2022-01-12 00:00:00.000000,224.4196319580078,225.76566776388805,223.37481218466084,225.0032200675773,4033100,VTI
2022-01-13 00:00:00.000000,221.13458251953125,225.34209916116387,220.7110100069235,225.13501671272948,4049300,VTI
2022-01-14 00:00:00.000000,221.21929931640625,221.32284053631935,218.66842800551373,219.78855183109036,3829900,VTI
2022-01-18 00:00:00.000000,216.91766357421875,219.0355405518939,216.43761662987714,218.8472876930995,6511600,VTI
2022-01-19 00:00:00.000000,214.6397705078125,218.52725594827422,214.51739968659973,217.6424517147071,4868100,VTI
2022-01-20 00:00:00.000000,212.13595581054688,218.29192596515747,211.91946575175058,215.67517257750424,5175100,VTI
2022-01-21 00:00:00.000000,207.93783569335938,212.81365140135645,207.86253169025747,211.42997086524485,8582600,VTI
2022-01-24 00:00:00.000000,209.27447509765625,209.50038713466793,199.6451989383423,205.18932937707115,22004300,VTI
2022-01-25 00:00:00.000000,206.34710693359375,208.98269002782874,202.9773276409124,206.2341580916089,6600400,VTI
2022-01-26 00:00:00.000000,205.5469970703125,210.99700804265998,203.3632382529891,209.64156460160422,7096400,VTI
2022-01-27 00:00:00.000000,204.0221405029297,209.34035895086154,203.22204793231924,207.84372939492954,5789200,VTI
2022-01-28 00:00:00.000000,209.04849243164062,209.1237964185357,202.30893641358497,204.72802851825057,4961200,VTI
2022-01-31 00:00:00.000000,213.49139404296875,213.6231724706524,208.22965018812366,209.0485579628171,5306400,VTI
2022-02-01 00:00:00.000000,215.11978149414062,215.4868795336465,211.91944034782142,214.5550230133155,4697600,VTI
2022-02-02 00:00:00.000000,216.5411834716797,216.90828161672385,214.60215150745796,216.39057542171946,4048200,VTI
2022-02-03 00:00:00.000000,211.392333984375,214.54560844211485,210.96876151844225,213.49138108463413,4217700,VTI
2022-02-04 00:00:00.000000,212.79486083984375,214.60211403547675,210.2063446795805,211.62767020061816,3585300,VTI
2022-02-07 00:00:00.000000,212.25836181640625,214.02797049326935,211.63711438353633,213.18081098587197,2757300,VTI
2022-02-08 00:00:00.000000,214.20677185058594,214.65858154425848,211.29821014296766,212.04182825913267,3075500,VTI
2022-02-09 00:00:00.000000,217.6894989013672,217.71773610944496,216.11756541302938,216.36229267062717,3698700,VTI
2022-02-10 00:00:00.000000,213.99969482421875,218.1977893246903,212.86074140195697,214.76212818992758,3511200,VTI
2022-02-11 00:00:00.000000,209.8486328125,215.08213901746376,208.97323633166587,214.02791168488693,4839800,VTI
2022-02-14 00:00:00.000000,209.0768280029297,210.4228640624985,207.36370817402917,209.45334811455933,4402100,VTI
2022-02-15 00:00:00.000000,212.79486083984375,212.88898008255396,211.22291293237208,211.39235054968512,4406200,VTI
2022-02-16 00:00:00.000000,212.9925079345703,213.55728080646912,210.6675487802611,211.7876725464389,4812400,VTI
2022-02-17 00:00:00.000000,208.1543426513672,211.50529206664623,207.75900737501337,211.23232760062973,5784600,VTI
2022-02-18 00:00:00.000000,206.48828125,208.95444094108976,205.39640899306903,208.15434838844513,7007900,VTI
2022-02-22 00:00:00.000000,204.1162567138672,207.15658237008293,202.43136008766706,205.30226250116985,7748900,VTI
2022-02-23 00:00:00.000000,200.36053466796875,205.9799682539815,200.08757023269163,205.73524102363754,7684500,VTI
2022-02-24 00:00:00.000000,203.8715362548828,204.1162778923338,194.8446775857762,195.44709533810055,10471000,VTI
2022-02-25 00:00:00.000000,208.40847778320312,208.43671498940523,203.46676561905187,204.52099295131768,4615100,VTI
2022-02-28 00:00:00.000000,208.1825714111328,209.020308730956,205.43403981842337,206.37531835138293,4219800,VTI
2022-03-01 00:00:00.000000,204.9351806640625,208.48380505479028,203.62680396718855,207.6648828952243,4765000,VTI
2022-03-02 00:00:00.000000,208.82266235351562,209.5380289161718,205.59406929926777,206.14001260870467,3884900,VTI
2022-03-03 00:00:00.000000,207.23191833496094,209.98985798253386,206.31887686325896,209.47215183423282,4161700,VTI
2022-03-04 00:00:00.000000,205.16111755371094,205.77294298084487,203.17501886622546,205.396437235343,4518100,VTI
2022-03-07 00:00:00.000000,198.83567810058594,205.1234116683589,198.81684850876505,204.897499654819,7953400,VTI
2022-03-08 00:00:00.000000,197.715576171875,202.83613414117917,196.99078761594762,198.6756843818125,6132200,VTI
2022-03-09 00:00:00.000000,203.20321655273438,204.1727323034503,201.02886541544393,202.06426319555948,4558400,VTI
2022-03-10 00:00:00.000000,202.2901611328125,202.70432596113218,199.83342373097955,201.21710424251592,5271300,VTI
2022-03-11 00:00:00.000000,199.54165649414062,203.82446265344504,199.26867765574423,203.61739457425108,5511000,VTI
2022-03-14 00:00:00.000000,197.57437133789062,201.25477409126606,196.98137558974776,199.81461898999245,6284200,VTI
2022-03-15 00:00:00.000000,201.69715881347656,202.0360196529981,198.13912717988552,198.60976643684486,6491000,VTI
2022-03-16 00:00:00.000000,206.74246215820312,206.74246215820312,201.42424301513273,203.65506903585688,4863500,VTI
2022-03-17 00:00:00.000000,209.50978088378906,209.52861047632007,205.46228025587007,205.69759989280988,6570100,VTI
2022-03-18 00:00:00.000000,211.95713806152344,212.21128734084064,208.4273428151263,208.9544709699848,3425100,VTI
2022-03-21 00:00:00.000000,211.75942993164062,212.91719849042062,209.97100648758143,212.20183198535102,2802200,VTI
2022-03-22 00:00:00.000000,214.35736083984375,214.75269610854676,212.35244728876208,212.52187053416156,3269300,VTI
2022-03-23 00:00:00.000000,211.43783569335938,213.86447260722582,211.43783569335938,213.1374237876445,2695400,VTI
2022-03-24 00:00:00.000000,214.44989013671875,214.51599203575995,211.8155392800949,212.45759791759983,2375100,VTI
2022-03-25 00:00:00.000000,215.3657989501953,215.51687666986038,213.29796768591822,214.87481797263035,3851100,VTI
2022-03-28 00:00:00.000000,216.76321411132812,216.76321411132812,213.8455819121375,215.30911648835453,6799400,VTI
2022-03-29 00:00:00.000000,220.049072265625,220.34177629600433,217.59411013959357,218.50999885839715,4470500,VTI
2022-03-30 00:00:00.000000,218.26454162597656,219.8224891765755,217.19757504925553,219.42592097110602,3436400,VTI
2022-03-31 00:00:00.000000,214.96923828125,218.41562864510666,214.9125877362798,217.8113177452517,4087000,VTI
2022-04-01 00:00:00.000000,215.82847595214844,215.98899063157887,213.9872612086053,215.90401481439184,3456400,VTI
2022-04-04 00:00:00.000000,217.6602325439453,217.67910645199453,215.63961500029717,216.0928337220562,3241100,VTI
2022-04-05 00:00:00.000000,214.47824096679688,218.00017016173692,213.9400463868133,217.0653929553679,3268800,VTI
2022-04-06 00:00:00.000000,212.01380920410156,213.24129030867658,210.50307542025445,212.47647925951688,4122000,VTI
2022-04-07 00:00:00.000000,212.81642150878906,213.80784922365453,210.21983265953222,211.69280439244582,4347500,VTI
2022-04-08 00:00:00.000000,212.15548706054688,213.72288606197307,211.41900115049168,212.42930283425866,2954800,VTI
2022-04-11 00:00:00.000000,208.84124755859375,211.09793287097037,208.67129595263333,210.72023862289876,2942200,VTI
2022-04-12 00:00:00.000000,208.19920349121094,211.9760597903712,207.4816059810933,210.42754928401803,3164200,VTI
2022-04-13 00:00:00.000000,210.92796325683594,211.30564309089803,207.98202020997758,208.20862234738996,2404600,VTI
2022-04-14 00:00:00.000000,208.35971069335938,211.70223646665113,208.30306015611086,211.10737701041586,2465500,VTI
2022-04-18 00:00:00.000000,208.0009002685547,208.94511428919967,206.92449686132193,208.11421574817464,3674400,VTI
2022-04-19 00:00:00.000000,211.6644744873047,212.0704940449602,207.94426860315048,207.94426860315048,2631200,VTI
2022-04-20 00:00:00.000000,211.39065551757812,212.93916605208378,210.9374223799933,212.44817069014871,2933200,VTI
2022-04-21 00:00:00.000000,207.93482971191406,214.0344447137589,207.44383434707765,213.10911893229178,3172100,VTI
2022-04-22 00:00:00.000000,202.26954650878906,207.47216103503672,202.08070656950434,207.47216103503672,6361400,VTI
2022-04-25 00:00:00.000000,203.374267578125,203.66697163406383,199.03087710127653,201.1836984317819,9271800,VTI
2022-04-26 00:00:00.000000,197.57681274414062,202.44896126173998,197.57681274414062,202.30732049337024,6891100,VTI
2022-04-27 00:00:00.000000,197.9639129638672,200.5510501326418,196.91583483556758,198.14331593113076,4955900,VTI
2022-04-28 00:00:00.000000,202.78884887695312,203.7141745813744,197.76562338068388,200.06007093858506,3767700,VTI
2022-04-29 00:00:00.000000,195.3390350341797,202.35453950702743,195.1785203517764,201.0231940495139,7330500,VTI
2022-05-02 00:00:00.000000,196.81198120117188,197.46349120854188,192.34585272628024,195.59393699411575,10630500,VTI
2022-05-03 00:00:00.000000,197.7467498779297,198.8609299956394,196.2832295650367,196.85920073602037,3901800,VTI
2022-05-04 00:00:00.000000,203.5442657470703,203.8652951231493,196.10385310403007,198.0206068126199,3870600,VTI
2022-05-05 00:00:00.000000,196.03773498535156,201.48585460307234,193.99824339427173,201.39142742611935,5186700,VTI
2022-05-06 00:00:00.000000,194.4608917236328,196.22658189422427,191.77932712765542,194.90467350485855,5193900,VTI
2022-05-09 00:00:00.000000,187.568115234375,192.03425806348463,186.8221924743423,191.6754521141316,9551400,VTI
2022-05-10 00:00:00.000000,187.94580078125,191.40162750112495,185.58526576618172,190.62736510055262,7605000,VTI
2022-05-11 00:00:00.000000,184.54666137695312,190.38191258910868,184.2633942371769,187.51149337047187,6365500,VTI
2022-05-12 00:00:00.000000,184.74493408203125,186.5672603776075,181.4024081030845,183.23418576049227,7964900,VTI
2022-05-13 00:00:00.000000,189.69259643554688,190.49518413918327,186.7088909943167,186.8694056535314,4543200,VTI
2022-05-16 00:00:00.000000,188.75782775878906,190.59904221201168,187.76640015857302,189.21104645322174,4479400,VTI
2022-05-17 00:00:00.000000,192.7896270751953,192.86516593173184,189.9381108806507,192.0342673249574,3954500,VTI
2022-05-18 00:00:00.000000,185.245361328125,190.75013110384228,184.53720077321807,190.56129117071313,4712200,VTI
2022-05-19 00:00:00.000000,184.4238739013672,186.6333310658473,183.064203520899,183.64017460130398,5710900,VTI
2022-05-20 00:00:00.000000,184.4238739013672,186.52001559576738,180.02383347778584,186.04790862519155,5153300,VTI
2022-05-23 00:00:00.000000,187.5775909423828,188.0402466660064,184.55610847228695,185.67971123506197,5018000,VTI
2022-05-24 00:00:00.000000,185.6985626220703,186.2934220427872,182.5354544182027,185.6041498681477,4788700,VTI
2022-05-25 00:00:00.000000,187.76638793945312,188.71060189582016,184.85820722493523,185.01872186861024,4921900,VTI
2022-05-26 00:00:00.000000,191.609375,192.4308511267484,188.24797485303648,188.27630012559007,4216700,VTI
2022-05-27 00:00:00.000000,196.46266174316406,196.4815356543159,192.7896545573611,192.8746447878074,4381100,VTI
2022-05-31 00:00:00.000000,194.84800720214844,196.7269983027372,193.74327851938585,195.61281825886385,4100900,VTI
2022-06-01 00:00:00.000000,193.56387329101562,196.69867073994402,192.10979004562037,196.0849229849716,3087800,VTI
2022-06-02 00:00:00.000000,197.51068115234375,197.52956946680047,192.619659460114,193.56387347707533,2977800,VTI
2022-06-03 00:00:00.000000,194.3570098876953,196.02827273264433,193.84714065761662,195.1501462045122,2694100,VTI
2022-06-06 00:00:00.000000,194.93299865722656,197.14245620014097,194.42312938100162,196.50983448012173,2745500,VTI
2022-06-07 00:00:00.000000,197.04803466796875,197.227437644744,192.9501491016123,193.21452788605058,3350500,VTI
2022-06-08 00:00:00.000000,194.83856201171875,197.05745623698732,194.42310555216218,196.33040743276337,2187200,VTI
2022-06-09 00:00:00.000000,190.17416381835938,194.81969542431037,190.14583854819094,193.96045714236473,3061100,VTI
2022-06-10 00:00:00.000000,184.52774047851562,187.32262033924047,184.46165298852327,187.32262033924047,5703800,VTI
2022-06-13 00:00:00.000000,176.992919921875,180.51483427696323,176.26587107282748,180.0144019855256,10468300,VTI
2022-06-14 00:00:00.000000,176.4925079345703,178.5036886929859,174.9345603435156,177.99380498159607,7045900,VTI
2022-06-15 00:00:00.000000,179.06076049804688,181.4118587826138,175.7937733882208,178.0882211322667,5011700,VTI
2022-06-16 00:00:00.000000,172.81005859375,175.32165700433777,171.53536386965223,175.03840431681644,8225100,VTI
2022-06-17 00:00:00.000000,173.46156311035156,175.06672405503656,171.6581108831029,173.03665527736692,5252700,VTI
2022-06-21 00:00:00.000000,177.66331481933594,178.48477641259637,176.27531904671903,176.27531904671903,6103400,VTI
2022-06-22 00:00:00.000000,177.63499450683594,179.35345659238402,175.26500801155768,175.53883815532566,7321300,VTI
2022-06-23 00:00:00.000000,179.24563598632812,179.71015547759333,176.76191117929665,178.34504996176858,6675800,VTI
2022-06-24 00:00:00.000000,185.03781127929688,185.066249766887,180.67705995689525,180.9898977855379,3856400,VTI
2022-06-27 00:00:00.000000,184.4690399169922,185.81518156784242,183.81492567524273,185.4549558499679,5950400,VTI
2022-06-28 00:00:00.000000,180.66758728027344,186.61147715989847,180.6486234666199,185.27481036777894,6012700,VTI
2022-06-29 00:00:00.000000,180.36424255371094,181.23639002392787,179.34041348906854,180.86667517823642,4155800,VTI
2022-06-30 00:00:00.000000,178.8095703125,180.4116730492071,176.4490884154758,178.22182212370768,4250300,VTI
2022-07-01 00:00:00.000000,180.69602966308594,180.9425013852885,177.17898710984863,178.40189997670993,3223100,VTI
2022-07-05 00:00:00.000000,181.34066772460938,181.35963154003483,176.66709255036417,178.5630690686273,3986100,VTI
2022-07-06 00:00:00.000000,181.7008819580078,182.86690330007218,180.00398958102474,181.3406418421055,2981000,VTI
2022-07-07 00:00:00.000000,184.69651794433594,185.0662327140917,182.57301945398362,182.61094707737652,2919300,VTI
2022-07-08 00:00:00.000000,184.50694274902344,185.5212825723051,182.9711920723839,183.96658254711377,2799200,VTI
2022-07-11 00:00:00.000000,182.17491149902344,183.67273476219293,181.8336351293753,183.32198371691558,3033800,VTI
2022-07-12 00:00:00.000000,180.60122680664062,183.18924500800998,179.73856853800282,182.01373443234635,2640300,VTI
2022-07-13 00:00:00.000000,179.8144073486328,181.15107427530742,177.64352058419604,178.02271010452856,3322400,VTI
2022-07-14 00:00:00.000000,179.01809692382812,179.3498985960278,175.9276604489636,177.5392375743205,3355600,VTI
2022-07-15 00:00:00.000000,182.49722290039062,182.53515053297528,180.0988136523624,181.24588586301456,2914600,VTI
2022-07-18 00:00:00.000000,181.23638916015625,184.63967801752494,180.629677250499,184.18463323641728,3974200,VTI
2022-07-19 00:00:00.000000,186.29864501953125,186.48823976640446,182.95224783244467,183.21768337109756,3287500,VTI
2022-07-20 00:00:00.000000,187.80596923828125,188.4126811928243,185.79623860107372,186.21334131688445,3332400,VTI
2022-07-21 00:00:00.000000,189.66403198242188,189.66403198242188,186.24179353511315,187.35093814455283,2929300,VTI
2022-07-22 00:00:00.000000,187.60690307617188,190.35607818124024,186.49775835737296,189.59768455000912,2717400,VTI
2022-07-25 00:00:00.000000,187.8628387451172,188.27048123397887,186.74421949992887,188.02399501950092,2997100,VTI
2022-07-26 00:00:00.000000,185.54026794433594,187.06652965888765,185.12315078530517,187.028602027074,2918500,VTI
2022-07-27 00:00:00.000000,190.41293334960938,191.22820387834528,187.04757194150812,187.23716671129824,2902200,VTI
2022-07-28 00:00:00.000000,192.89666748046875,193.13366457051535,188.9625215717573,190.5646242148969,2670700,VTI
2022-07-29 00:00:00.000000,195.5225830078125,196.02501563966274,193.0104198485613,193.5507656469941,3342400,VTI
2022-08-01 00:00:00.000000,195.0675506591797,196.27148534896574,193.66451760257618,194.30915714901755,3531500,VTI
2022-08-02 00:00:00.000000,194.01527404785156,196.27147619225443,193.27584438785743,194.33758657345876,3020900,VTI
2022-08-03 00:00:00.000000,197.1341552734375,197.68399019865979,195.0391093246425,195.2097402677359,2827100,VTI
2022-08-04 00:00:00.000000,196.94454956054688,197.41854366297898,196.1577176146913,197.1246696338954,2261800,VTI
2022-08-05 00:00:00.000000,196.8782196044922,197.25742363517932,194.81161188157745,194.99173198800952,2758900,VTI
2022-08-08 00:00:00.000000,197.05831909179688,199.23869502835225,196.4895348030128,197.7693103016419,3024200,VTI
2022-08-09 00:00:00.000000,195.81643676757812,196.77391409011267,195.25712721124017,196.65067099747316,1829500,VTI
2022-08-10 00:00:00.000000,200.2814483642578,200.42364079208087,198.64141854923008,199.35240961864605,2878200,VTI
2022-08-11 00:00:00.000000,200.2909393310547,202.90738147189444,199.94966301136677,201.75084921283417,2835000,VTI
2022-08-12 00:00:00.000000,203.76058959960938,203.80799190347196,200.85025883124317,201.38112991813875,2366500,VTI
2022-08-15 00:00:00.000000,204.55686950683594,204.84126882770553,202.57557786452327,202.71777029238288,4479200,VTI
2022-08-16 00:00:00.000000,204.99298095703125,205.90304156131643,203.4287916916153,204.20614898688004,2835600,VTI
2022-08-17 00:00:00.000000,203.1538848876953,204.55690344758835,202.07317886119682,203.2392003585669,4007900,VTI
2022-08-18 00:00:00.000000,203.68475341796875,204.0829067421548,202.58508359012967,203.182320808985,1640200,VTI
2022-08-19 00:00:00.000000,200.77439880371094,202.3670263769746,200.24352776767336,202.26274710452788,2555000,VTI
2022-08-22 00:00:00.000000,196.4800567626953,198.5466788512787,196.0629540467506,198.2054024726665,3142900,VTI
2022-08-23 00:00:00.000000,196.11032104492188,197.73138728730032,195.90176247654213,196.57484048634083,2856400,VTI
2022-08-24 00:00:00.000000,196.93505859375,197.6744881751598,195.69318199738908,196.081860600865,1790900,VTI
2022-08-25 00:00:00.000000,199.7885284423828,199.85489456473562,197.3048037971201,197.75035944243635,1874100,VTI
2022-08-26 00:00:00.000000,193.1715850830078,199.94969582236348,193.10521895696763,199.89281883727412,3550200,VTI
2022-08-29 00:00:00.000000,191.7590789794922,193.3422177609186,191.13340320762669,191.68323817697933,3529100,VTI
2022-08-30 00:00:00.000000,189.6260986328125,192.56486815105947,188.5548672241667,192.38474805950094,4799400,VTI
2022-08-31 00:00:00.000000,188.23252868652344,191.0764931960059,188.17565171075802,190.49821983380508,2911400,VTI
2022-09-01 00:00:00.000000,188.3463134765625,188.54539738948955,185.36015603873398,187.1328895777179,4555800,VTI
2022-09-02 00:00:00.000000,186.47879028320312,190.88693022039502,185.64455592608223,190.2138521431445,3810400,VTI
2022-09-06 00:00:00.000000,185.7203826904297,187.38883681340738,184.60174902655555,187.19924205525243,5382900,VTI
2022-09-07 00:00:00.000000,189.15208435058594,189.54076298414392,185.4644108319368,185.54972629828308,3032400,VTI
2022-09-08 00:00:00.000000,190.64993286132812,190.7162845222823,187.42677833829887,188.02400114750222,2971300,VTI
2022-09-09 00:00:00.000000,193.81617736816406,194.195381313112,191.79697241377815,191.8538493892325,2953400,VTI
2022-09-12 00:00:00.000000,195.90176391601562,196.22409091097705,194.64095228675438,194.84002171657352,2736900,VTI
2022-09-13 00:00:00.000000,187.483642578125,192.01502531211608,186.89588001953103,191.46519038447806,5190300,VTI
2022-09-14 00:00:00.000000,188.2135772705078,188.83925297544357,186.51668469940898,188.09982331148402,2793400,VTI
2022-09-15 00:00:00.000000,186.203857421875,189.00041997286834,185.51183002325774,187.5689628682977,2491000,VTI
2022-09-16 00:00:00.000000,184.50694274902344,184.72497597858185,182.79108647023227,184.3552611696995,4966100,VTI
2022-09-19 00:00:00.000000,185.81517028808594,185.8815364083639,182.82901310893627,182.86692627398608,3346700,VTI
2022-09-20 00:00:00.000000,183.65380859375,184.62076091683167,182.2887028353186,184.31739765266622,3244200,VTI
2022-09-21 00:00:00.000000,180.5159149169922,186.19436955596856,180.4969511023705,184.51642635818115,3060200,VTI
2022-09-22 00:00:00.000000,178.49671936035156,180.60125464635217,178.19337061141542,180.22206509389343,5279700,VTI
2022-09-23 00:00:00.000000,175.4179229736328,176.95066459674013,173.09502328614198,176.62698363945452,8249900,VTI
2022-09-26 00:00:00.000000,173.494873046875,176.57938620228694,172.9046150451991,174.6944043265833,6603500,VTI
2022-09-27 00:00:00.000000,173.23777770996094,176.50317477941033,172.00015811226942,175.37029170177652,6910700,VTI
2022-09-28 00:00:00.000000,176.884033203125,177.74083916466208,172.98077376375218,173.78999069253356,6929100,VTI
2022-09-29 00:00:00.000000,173.20924377441406,175.46550988680627,171.65745796968713,175.3988765320706,8241100,VTI
2022-09-30 00:00:00.000000,170.8577880859375,174.89432876185447,170.6769032770625,172.84749193042887,8431700,VTI
2022-10-03 00:00:00.000000,175.1989288330078,176.14142681209626,171.58127699012238,172.80938173801616,7321600,VTI
2022-10-04 00:00:00.000000,180.82533264160156,180.9490989671646,178.1596936149421,178.20729716527896,6212800,VTI
2022-10-05 00:00:00.000000,180.4826202392578,181.53935521493293,177.41713731978825,178.89276032568628,4548100,VTI
2022-10-06 00:00:00.000000,178.7594757080078,181.32039286803138,178.44530969128652,179.81621066368314,3784100,VTI
2022-10-07 00:00:00.000000,173.64715576171875,176.91256772448605,172.75227579364935,176.7792864929383,4780100,VTI
2022-10-10 00:00:00.000000,172.26673889160156,174.40876801038056,171.0672078146486,174.12316122256374,4304000,VTI
2022-10-11 00:00:00.000000,171.1623992919922,173.71380151309685,169.95335332296207,171.39088762608895,4419100,VTI
2022-10-12 00:00:00.000000,170.6959228515625,172.0572943814503,170.36271251231878,171.524169459912,5016700,VTI
2022-10-13 00:00:00.000000,174.9323272705078,175.69394030815408,166.44989093526132,167.90646915122562,5626900,VTI
2022-10-14 00:00:00.000000,170.8101806640625,177.06491341106272,170.5436181706643,176.20809294522584,3798800,VTI
2022-10-17 00:00:00.000000,175.3702850341797,175.94148400069966,173.81849951500348,173.9898548469907,4025800,VTI
2022-10-18 00:00:00.000000,177.51234436035156,179.64484411113392,175.8463216667703,179.11171917343833,3906800,VTI
2022-10-19 00:00:00.000000,175.9986114501953,177.68367826710397,174.54203294752347,176.3603809827628,2589100,VTI
2022-10-20 00:00:00.000000,174.4754180908203,178.0169074406848,174.03748574043283,175.68446408288418,2636200,VTI
2022-10-21 00:00:00.000000,178.49290466308594,178.76898201365452,173.5424259392995,174.20884659358435,3381200,VTI
2022-10-24 00:00:00.000000,180.41600036621094,180.99672894797766,177.73133093316463,179.34023542330038,4527800,VTI
2022-10-25 00:00:00.000000,183.68136596679688,183.89080996089749,180.43499858480078,180.47308723458104,3287100,VTI
2022-10-26 00:00:00.000000,182.54849243164062,185.29980941577978,182.08200083289057,182.08200083289057,4091100,VTI
2022-10-27 00:00:00.000000,181.691650390625,184.18591930146266,181.46316208692465,183.22439159402862,3556300,VTI
2022-10-28 00:00:00.000000,185.9185791015625,186.14706741023,181.58693234811736,181.68212491513992,3178800,VTI
2022-10-31 00:00:00.000000,184.7190704345703,185.80436461009296,184.22401963605824,184.68099630848386,5053900,VTI
2022-11-01 00:00:00.000000,184.14784240722656,187.0134104419294,183.5099955277363,186.5945224550251,9873800,VTI
2022-11-02 00:00:00.000000,179.30210876464844,185.89956581352183,179.25450521362808,183.8051403077045,4686000,VTI
2022-11-03 00:00:00.000000,177.58848571777344,179.06410866580995,176.24615852554933,177.55041159223023,3935600,VTI
2022-11-04 00:00:00.000000,179.87335205078125,181.16809040906463,176.83642802849081,180.23512166644718,3586200,VTI
2022-11-07 00:00:00.000000,181.51077270507812,181.80589436308858,179.4258622480841,180.49211198710586,3420000,VTI
2022-11-08 00:00:00.000000,182.46279907226562,184.0336145739467,180.33028490963144,182.0724702901049,4847500,VTI
2022-11-09 00:00:00.000000,178.53099060058594,181.87255088633802,178.22635400485532,181.320396148666,13959600,VTI
2022-11-10 00:00:00.000000,188.63185119628906,188.79369165963274,184.357307688335,185.0237283953051,3981600,VTI
2022-11-11 00:00:00.000000,190.55491638183594,191.06899698536895,188.32720955558472,189.050734171148,4550200,VTI
2022-11-14 00:00:00.000000,188.831787109375,191.27845300117605,188.6985058684975,189.69810791179586,4248200,VTI
2022-11-15 00:00:00.000000,190.74530029296875,192.4398820490269,188.8222302172556,191.83059438984378,4606200,VTI
2022-11-16 00:00:00.000000,188.80322265625,190.1360350281415,188.52713075499474,189.8789874540748,2905000,VTI
2022-11-17 00:00:00.000000,188.01303100585938,188.4033452508411,186.0709165740387,186.28036057210886,3704700,VTI
2022-11-18 00:00:00.000000,188.89842224121094,189.84092036334877,187.45135837911326,189.52675432263615,3039000,VTI
2022-11-21 00:00:00.000000,188.09872436523438,188.69849718486535,187.21334474927608,188.23200559997846,2961700,VTI
2022-11-22 00:00:00.000000,190.56443786621094,190.67867477615098,188.2986423086309,188.62233776440328,3390300,VTI
2022-11-23 00:00:00.000000,191.72584533691406,192.07808540259904,190.24070778514206,190.4025482079314,2685700,VTI
2022-11-25 00:00:00.000000,191.86866760253906,192.14475946996566,191.38314626796057,191.56403103767516,1289100,VTI
2022-11-28 00:00:00.000000,188.75563049316406,191.126133678131,188.308183199904,190.33596110761994,3365800,VTI
2022-11-29 00:00:00.000000,188.46047973632812,189.507685208504,187.64174806273985,188.96504541029444,2640700,VTI
2022-11-30 00:00:00.000000,194.26776123046875,194.30584988353672,187.58462622039545,188.63184628129184,4201300,VTI
2022-12-01 00:00:00.000000,194.38201904296875,195.61012402161262,193.0587214745464,195.00083624607785,4354300,VTI
2022-12-02 00:00:00.000000,194.20111083984375,194.66758784976514,191.54498679412603,191.8781971096958,2917100,VTI
2022-12-05 00:00:00.000000,190.38352966308594,193.22053847463175,189.68856433546782,192.79212106190806,3840500,VTI
2022-12-06 00:00:00.000000,187.52749633789062,190.4501829037186,186.44220221663787,190.31690167923367,3901000,VTI
2022-12-07 00:00:00.000000,187.22288513183594,188.47001987132765,186.6135973764138,187.02295600473786,3438100,VTI
2022-12-08 00:00:00.000000,188.84127807617188,189.37440297211353,187.37518461233233,188.07014995693027,3982600,VTI
2022-12-09 00:00:00.000000,187.2609405517578,189.28873274252362,187.1847777741188,188.0511130273775,3784900,VTI
2022-12-12 00:00:00.000000,189.95513916015625,189.95513916015625,187.26094081940394,187.54654760431734,3931600,VTI
2022-12-13 00:00:00.000000,191.37364196777344,195.76242212659218,190.0408151588069,195.76242212659218,4191900,VTI
2022-12-14 00:00:00.000000,190.30735778808594,192.99204092566035,188.7555867623673,191.27841493641742,3331200,VTI
2022-12-15 00:00:00.000000,185.56639099121094,188.22251566481705,184.75718857528045,187.7465091166578,5537100,VTI
2022-12-16 00:00:00.000000,183.443359375,184.89993788119008,182.2342989815752,184.2240023623756,4755400,VTI
2022-12-19 00:00:00.000000,181.59645080566406,183.66231694320146,180.83483762174313,183.54808004991045,6433800,VTI
2022-12-20 00:00:00.000000,181.977294921875,182.75795262233123,180.62543808781922,181.2823294390405,5637800,VTI
2022-12-21 00:00:00.000000,184.7285919189453,185.30932041677502,182.97689152523662,183.2339390968177,4973400,VTI
2022-12-22 00:00:00.000000,182.10842895507812,183.36157600266637,179.24819657529645,183.2946214121235,5153500,VTI
2022-12-23 00:00:00.000000,183.1129150390625,183.13205118303176,180.8074986769007,181.75454074926537,4214400,VTI
2022-12-27 00:00:00.000000,182.3476104736328,183.20856170158564,181.5153707568846,183.08419867389702,6037700,VTI
2022-12-28 00:00:00.000000,180.05177307128906,183.18942896361676,179.89871312615116,182.37631077709656,5711900,VTI
2022-12-29 00:00:00.000000,183.36158752441406,183.8207673024056,181.15183775549733,181.26663999829418,5425700,VTI
2022-12-30 00:00:00.000000,182.89288330078125,182.96941327287234,181.06576853318094,181.92670517515612,5979800,VTI
2023-01-03 00:00:00.000000,182.14671325683594,184.96868814211314,180.73093083175885,184.03122163644704,4092500,VTI
2023-01-04 00:00:00.000000,183.76339721679688,184.68172769820868,181.88844937263138,183.19899049135023,3852500,VTI
2023-01-05 00:00:00.000000,181.61102294921875,182.96939699060573,181.23794849134907,182.92156393773047,4150000,VTI
2023-01-06 00:00:00.000000,185.61920166015625,186.1931691811794,181.61104817265934,182.82592322415107,3184300,VTI
2023-01-09 00:00:00.000000,185.69570922851562,188.34550276281965,185.59048234891225,186.9775679245745,3888300,VTI
2023-01-10 00:00:00.000000,187.1593017578125,187.1593017578125,184.90171893051578,185.24609646676777,2963500,VTI
2023-01-11 00:00:00.000000,189.62734985351562,189.6464859946359,187.63761447837348,188.02026431778478,3435300,VTI
2023-01-12 00:00:00.000000,190.54571533203125,191.1292436277679,188.09681448323494,190.16306545153154,3552700,VTI
2023-01-13 00:00:00.000000,191.35879516601562,191.5788242936698,188.73771314434873,189.0438184140871,2798600,VTI
2023-01-17 00:00:00.000000,191.10049438476562,192.16232379292975,190.68914770043716,191.35876656220813,5426700,VTI
2023-01-18 00:00:00.000000,188.08724975585938,192.36326570991474,188.029855919687,191.70320740073018,3890200,VTI
2023-01-19 00:00:00.000000,186.55665588378906,187.7237123032451,185.88703693736306,186.929730339412,2282400,VTI
2023-01-20 00:00:00.000000,190.1343536376953,190.182186693585,186.47056342485283,187.35065078274545,2429300,VTI
2023-01-23 00:00:00.000000,192.5449981689453,193.38681325031158,190.0769613503392,190.5552627199156,3438100,VTI
2023-01-24 00:00:00.000000,192.2292938232422,192.71717050190819,191.07181282561007,191.70315946222868,2679400,VTI
2023-01-25 00:00:00.000000,192.324951171875,192.46843571989567,189.0150998304276,190.31607992000386,2802000,VTI
2023-01-26 00:00:00.000000,194.3051300048828,194.45818993553848,192.13365244967363,193.5685564572243,2806200,VTI
2023-01-27 00:00:00.000000,195.08956909179688,196.1513987386183,193.78858875512017,193.8077248973565,4521900,VTI
2023-01-30 00:00:00.000000,192.4780731201172,194.77391420794277,192.36327084810475,193.50163061793387,2992300,VTI
2023-01-31 00:00:00.000000,195.55828857421875,195.61569699901145,192.70761653334918,192.89893415952713,4827600,VTI
2023-02-01 00:00:00.000000,197.94020080566406,199.27945315331937,193.72157999493447,195.06083234258978,4385600,VTI
2023-02-02 00:00:00.000000,200.89613342285156,201.72838772094767,199.06903330787563,199.92996992345175,3730800,VTI
2023-02-03 00:00:00.000000,198.82029724121094,201.05874400622344,198.0550121789182,198.50461660564272,2854200,VTI
2023-02-06 00:00:00.000000,197.32803344726562,198.0837578679486,196.5818843968451,197.4523964878694,2841700,VTI
2023-02-07 00:00:00.000000,199.815185546875,200.46566840548073,196.13225914919434,197.06016497725207,3028100,VTI
2023-02-08 00:00:00.000000,197.68191528320312,199.6525288388569,197.30884086470786,198.8872438634162,2945400,VTI
2023-02-09 00:00:00.000000,195.75918579101562,199.55689986877226,195.24262672953566,199.41341529519437,2705900,VTI
2023-02-10 00:00:00.000000,196.1131134033203,196.27573411000796,194.63995167435084,195.1660860763395,2159800,VTI
2023-02-13 00:00:00.000000,198.44720458984375,198.49503763871468,196.09397039000447,196.4957417266454,3467200,VTI
2023-02-14 00:00:00.000000,198.52377319335938,199.60473900255514,196.40011386015357,197.6819580784742,2743400,VTI
2023-02-15 00:00:00.000000,199.41339111328125,199.45164879606284,197.0983998985559,197.50018584905044,2001600,VTI
2023-02-16 00:00:00.000000,196.7540740966797,198.9925359377687,196.6201502768369,197.03149710702652,2458800,VTI
2023-02-17 00:00:00.000000,196.18008422851562,196.32356879543264,194.69734711844475,195.88353972582124,2324000,VTI
2023-02-21 00:00:00.000000,192.11453247070312,194.66866006741583,191.94233638507998,194.33384326551507,3110800,VTI
2023-02-22 00:00:00.000000,191.951904296875,193.19549074570642,191.25357380536718,192.27714571679425,3011700,VTI
2023-02-23 00:00:00.000000,192.97547912597656,193.67380968086422,190.72747129963793,193.31985671849912,3440100,VTI
2023-02-24 00:00:00.000000,190.82310485839844,191.25357315937867,189.56039686908315,190.6413480077048,3020600,VTI
2023-02-27 00:00:00.000000,191.50230407714844,193.26244960840546,191.0526996234492,192.5736944706789,2850300,VTI
2023-02-28 00:00:00.000000,190.8613739013672,192.35367177095517,190.8613739013672,191.5596897820644,2299100,VTI
2023-03-01 00:00:00.000000,191.32052612304688,191.32052612304688,189.59863846861992,190.7274371629767,4176000,VTI
2023-03-02 00:00:00.000000,191.61709594726562,192.08583655304014,188.92904453515806,189.39778514093257,3364000,VTI
2023-03-03 00:00:00.000000,194.735595703125,194.85994411378803,192.1910293177224,192.35365000597184,2484700,VTI
2023-03-06 00:00:00.000000,194.47731018066406,196.0843955314005,194.21902339336813,195.0130052975762,3812700,VTI
2023-03-07 00:00:00.000000,191.57882690429688,194.63995262638718,191.27270703378844,194.28601429813577,3346700,VTI
2023-03-08 00:00:00.000000,191.8275604248047,192.27716491347468,190.74659457801081,191.7031973885256,1985900,VTI
2023-03-09 00:00:00.000000,188.0394287109375,192.9946244538678,187.6089457523469,192.0858546682008,2974300,VTI
2023-03-10 00:00:00.000000,184.87301635742188,188.4507153968892,183.916413741194,187.73326343471828,6310500,VTI
2023-03-13 00:00:00.000000,184.10775756835938,186.69058187596377,181.9266900367529,182.61544513166052,6253700,VTI
2023-03-14 00:00:00.000000,187.388916015625,188.40291261628346,185.16960517964418,187.01584151922046,4473800,VTI
2023-03-15 00:00:00.000000,185.9444122314453,185.963533773296,183.2180890682489,184.2703577339099,3855400,VTI
2023-03-16 00:00:00.000000,189.1586151123047,189.3212358128004,184.43299563971843,184.93999388143982,3224900,VTI
2023-03-17 00:00:00.000000,186.7192840576172,188.86206477193224,185.94443820313012,188.6898832916457,2902400,VTI
2023-03-20 00:00:00.000000,188.3455047607422,188.8142453378747,186.81493460420248,187.25497826810226,2898100,VTI
2023-03-21 00:00:00.000000,191.03355407714844,191.36837085694344,189.62734695656724,190.13434521401774,2421700,VTI
2023-03-22 00:00:00.000000,187.61851501464844,192.6693767165218,187.60893964466192,191.17707865868658,2187900,VTI
2023-03-23 00:00:00.000000,187.9603729248047,191.08184058720417,186.56772105264594,189.0649010446968,2629700,VTI
2023-03-24 00:00:00.000000,189.14173889160156,189.1801651650921,185.99145861052764,187.17282470742737,2324800,VTI
2023-03-27 00:00:00.000000,189.62196350097656,190.74570483572825,189.13213843209883,190.42875403045588,2425400,VTI
2023-03-28 00:00:00.000000,189.3530731201172,189.83329903688679,188.38302204416212,189.40109864286055,3678600,VTI
2023-03-29 00:00:00.000000,192.08074951171875,192.17678589289702,190.75532141561564,191.21633414913083,3486500,VTI
2023-03-30 00:00:00.000000,193.11802673339844,193.61745105619877,192.20558591123898,193.31011413873162,2259200,VTI
2023-03-31 00:00:00.000000,196.02821350097656,196.11465064360644,193.59827167817386,193.59827167817386,2986300,VTI
2023-04-03 00:00:00.000000,196.54684448242188,196.88300845525592,195.28865504150505,195.66323063578815,3068200,VTI
2023-04-04 00:00:00.000000,195.23101806640625,196.95022013379702,194.52027854375882,196.89259537756362,2881800,VTI
2023-04-05 00:00:00.000000,194.5203094482422,195.1253987954857,193.60788313381587,194.67398525949957,3119400,VTI
2023-04-06 00:00:00.000000,195.16380310058594,195.29826576655984,193.4830124482464,194.24177757828815,1989800,VTI
2023-04-10 00:00:00.000000,195.60560607910156,195.62480456218074,193.67508869051161,194.01125266369482,2545300,VTI
2023-04-11 00:00:00.000000,195.80728149414062,196.54683339947513,195.35586802708332,195.80728149414062,3389300,VTI
2023-04-12 00:00:00.000000,194.98129272460938,197.1423090316937,194.69316894126197,196.89259686768267,2431200,VTI
2023-04-13 00:00:00.000000,197.5168914794922,197.66096803150992,195.29825033852373,195.4807385112147,2197600,VTI
2023-04-14 00:00:00.000000,196.9694366455078,198.33327630260527,195.7496588814619,197.20954957081364,4142000,VTI
2023-04-17 00:00:00.000000,197.7570037841797,197.76661768081524,196.3643517177365,196.92141547537983,2780400,VTI
2023-04-18 00:00:00.000000,197.85305786132812,198.65023456183624,197.18074457636058,198.50615800805932,2784500,VTI
2023-04-19 00:00:00.000000,197.9490966796875,198.31405835166976,196.8637815939421,196.92140634976403,2531400,VTI
2023-04-20 00:00:00.000000,196.71974182128906,197.63216808682176,195.99940298186885,196.37397859215412,2563100,VTI
2023-04-21 00:00:00.000000,196.8926239013672,197.1231376150248,195.85533417290554,196.8542122767568,2341600,VTI
2023-04-24 00:00:00.000000,196.9694366455078,197.31519984416138,196.02819808180138,196.79654771851608,3704400,VTI
2023-04-25 00:00:00.000000,193.6846923828125,196.15304561885156,193.64626610801753,195.95135896983228,2606400,VTI
2023-04-26 00:00:00.000000,192.81069946289062,194.5010893603446,192.48414936713215,194.16494002247492,2762300,VTI
2023-04-27 00:00:00.000000,196.43157958984375,196.59485461505264,193.84796225350715,193.8767746311717,2254600,VTI
2023-04-28 00:00:00.000000,198.1411895751953,198.1411895751953,195.9321477237149,195.9321477237149,2309100,VTI
2023-05-01 00:00:00.000000,198.045166015625,198.9864047131396,197.84347933668073,197.85307857913884,2838500,VTI
2023-05-02 00:00:00.000000,195.62481689453125,197.75702107718254,194.07850355533336,197.48809574381494,2700600,VTI
2023-05-03 00:00:00.000000,194.4818878173828,197.36324318122493,194.34742515328344,195.78810283520448,2154000,VTI
2023-05-04 00:00:00.000000,193.03158569335938,194.03046370524405,192.2824345121111,193.85757477208574,2577600,VTI
2023-05-05 00:00:00.000000,196.59486389160156,197.1519276449508,194.76999683987194,194.82763625325023,1942300,VTI
2023-05-08 00:00:00.000000,196.80615234375,196.9886405032385,196.04738732854295,196.82535082503253,2632600,VTI
2023-05-09 00:00:00.000000,195.99937438964844,196.5372249664347,195.7400483417947,195.9609481168328,1802500,VTI
2023-05-10 00:00:00.000000,196.86375427246094,197.7953934431651,195.01968906543664,197.4880419143306,2677600,VTI
2023-05-11 00:00:00.000000,196.60446166992188,196.60446166992188,195.442323310384,196.3835618806042,2108300,VTI
2023-05-12 00:00:00.000000,196.14346313476562,197.1615396738617,194.90447213504976,196.93102597138804,2252400,VTI
2023-05-15 00:00:00.000000,196.97903442382812,197.2575736220992,195.65362105160693,196.09542062390406,3240000,VTI
2023-05-16 00:00:00.000000,195.45191955566406,196.71010892883547,195.423107177296,196.3259341137081,1884400,VTI
2023-05-17 00:00:00.000000,197.98751831054688,198.28525600090308,195.59598823569067,196.3739664446176,2650100,VTI
2023-05-18 00:00:00.000000,199.95645141601562,200.12932569579868,197.68018546688833,197.8530597466714,2370200,VTI
2023-05-19 00:00:00.000000,199.47622680664062,200.58074045980064,198.88075140984103,200.38865304038114,2683900,VTI
2023-05-22 00:00:00.000000,199.82199096679688,200.55192902616815,199.00560111124776,199.46661385109638,2229400,VTI
2023-05-23 00:00:00.000000,197.70899963378906,199.76436580332685,197.50729831688852,199.10165174750747,2386700,VTI
2023-05-24 00:00:00.000000,196.18185424804688,197.01745717257555,195.6344044129842,196.89259376487286,2083700,VTI
2023-05-25 00:00:00.000000,197.5168914794922,198.1700062735793,196.44119023667847,197.72819203152065,2230400,VTI
2023-05-26 00:00:00.000000,200.11972045898438,200.46548366352258,197.82424144020658,197.85305381930726,2347000,VTI
2023-05-30 00:00:00.000000,200.18695068359375,201.38751536788916,199.47622576990247,201.33950450478184,2772300,VTI
2023-05-31 00:00:00.000000,198.9864044189453,199.75476881908597,198.14121676858937,199.28415679869045,2325400,VTI
2023-06-01 00:00:00.000000,200.97451782226562,201.50276918727303,198.47733754513777,199.1016399420847,2696700,VTI
2023-06-02 00:00:00.000000,204.2976837158203,204.66264538933697,202.17507905036692,202.3479533185596,3018700,VTI
2023-06-05 00:00:00.000000,203.7598419189453,204.92199503622865,199.26493456455574,204.32651961457822,2249400,VTI
2023-06-06 00:00:00.000000,204.69143676757812,204.93154966343172,203.26997252761663,203.61573568385896,2227700,VTI
2023-06-07 00:00:00.000000,204.28807067871094,205.65191031417518,203.9903330009072,204.90275917153045,2272800,VTI
2023-06-08 00:00:00.000000,205.24853515625,205.507861231121,203.7022072592245,204.22085940896656,1943100,VTI
2023-06-09 00:00:00.000000,205.46945190429688,206.57398029633524,204.9700275070954,205.63274161125204,2084600,VTI
2023-06-12 00:00:00.000000,207.31350708007812,207.32310632124145,205.5846910742273,206.0168914118575,2479900,VTI
2023-06-13 00:00:00.000000,208.8406219482422,209.1575727708494,207.89938337692166,208.20672030302774,4295700,VTI
2023-06-14 00:00:00.000000,208.8406219482422,209.8875107937651,207.16943069867594,208.9462722224446,4131000,VTI
2023-06-15 00:00:00.000000,211.38584899902344,211.9813391253116,208.33161908051,208.40845698891275,2895100,VTI
2023-06-16 00:00:00.000000,210.588623046875,212.66320212365974,210.46377429826927,212.66320212365974,4763700,VTI
2023-06-20 00:00:00.000000,209.5513458251953,210.02197243625608,208.4852585024598,209.74344789033356,3156500,VTI
2023-06-21 00:00:00.000000,208.3988037109375,209.45530643266878,208.12987841001132,209.2055942690458,2713400,VTI
2023-06-22 00:00:00.000000,208.95587158203125,208.98468396089098,207.62084429198794,207.94739435595133,2669100,VTI
2023-06-23 00:00:00.000000,207.22723388671875,208.14314175658453,206.8801513063088,207.4104184029424,3338400,VTI
2023-06-26 00:00:00.000000,206.5041046142578,208.0756191341017,206.45589584954644,207.09221623673776,2846800,VTI
2023-06-27 00:00:00.000000,209.02047729492188,209.31935108064806,206.85121499190754,207.04403536548074,2653000,VTI
2023-06-28 00:00:00.000000,209.19398498535156,209.704965531308,208.21059679006726,208.71192675624172,4362100,VTI
2023-06-29 00:00:00.000000,210.19671630859375,210.27384740600147,208.88551707516777,209.1168956561383,2857900,VTI
2023-06-30 00:00:00.000000,212.3756103515625,212.9347997630291,211.60431410432398,211.72965397398528,3444100,VTI
2023-07-03 00:00:00.000000,213.01190185546875,213.01190185546875,212.1538387589523,212.37558143479356,2423600,VTI
2023-07-05 00:00:00.000000,212.365966796875,212.6937629089331,211.7489327636619,212.18278228976845,3341400,VTI
2023-07-06 00:00:00.000000,210.4762725830078,210.69801526077705,209.04938426980726,210.69801526077705,3404300,VTI
2023-07-07 00:00:00.000000,210.2159881591797,212.1827943659711,209.9942454485497,210.09066299817277,2771700,VTI
2023-07-10 00:00:00.000000,211.13189697265625,211.1704551632384,209.98459587875297,210.08099871083417,2080500,VTI
2023-07-11 00:00:00.000000,212.7902069091797,213.00229905239408,211.1511967226081,211.5079299112608,2155700,VTI
2023-07-12 00:00:00.000000,214.41954040527344,215.0944338397561,213.8989238791398,214.58345318422118,3030200,VTI
2023-07-13 00:00:00.000000,216.23208618164062,216.5791687722714,215.1233578925092,215.44151815985848,4113300,VTI
2023-07-14 00:00:00.000000,215.9138946533203,216.79124422917332,215.48004515565975,216.78160835989223,2914100,VTI
2023-07-17 00:00:00.000000,216.73341369628906,217.2733166361821,215.73072419827187,215.91390870528954,2688200,VTI
2023-07-18 00:00:00.000000,218.4591827392578,218.77734299116568,216.473104843638,216.6370029046962,2916500,VTI
2023-07-19 00:00:00.000000,219.02798461914062,219.58717396779343,218.54592635767276,218.93158179359745,3106700,VTI
2023-07-20 00:00:00.000000,217.4468231201172,218.8640755141042,217.0611824149336,218.47843480892064,2651700,VTI
2023-07-21 00:00:00.000000,217.4275665283203,218.41095480841437,217.36972188963844,218.29526553105057,2296800,VTI
2023-07-24 00:00:00.000000,218.19886779785156,218.5748726693132,217.54326088456511,217.93855220645463,2291700,VTI
2023-07-25 00:00:00.000000,218.74839782714844,219.43292703303132,217.90962115777492,217.90962115777492,2084400,VTI
2023-07-26 00:00:00.000000,218.9123077392578,219.59683698225194,217.93855529200707,218.30490958781593,1985600,VTI
2023-07-27 00:00:00.000000,217.22509765625,220.7537677620547,216.76232583112431,220.59950558326244,4730600,VTI
2023-07-28 00:00:00.000000,219.49078369140625,219.84750211768727,218.6327205253846,219.01836127210726,2257600,VTI
2023-07-31 00:00:00.000000,220.15603637695312,220.35849262914203,219.39437600776057,219.93427896193384,2658500,VTI
2023-08-01 00:00:00.000000,219.55825805664062,219.81857364458057,218.92195231348344,219.4811269672047,2809500,VTI
2023-08-02 00:00:00.000000,216.4441680908203,218.02531866347914,216.02960503071066,217.88070706373188,4239000,VTI
2023-08-03 00:00:00.000000,215.81748962402344,216.7044750601045,214.98834882553993,215.46075650675394,2925200,VTI
2023-08-04 00:00:00.000000,214.90158081054688,217.736085922909,214.6219934739796,216.67556650666063,3024600,VTI
2023-08-07 00:00:00.000000,216.5502166748047,216.6466342133215,215.21009527242603,215.6921535425083,2376600,VTI
2023-08-08 00:00:00.000000,215.54754638671875,215.74036675647397,213.74463841581675,215.1908132558578,2796400,VTI
2023-08-09 00:00:00.000000,214.0049591064453,215.66324080611346,213.60966777671302,215.63431848552344,2203400,VTI
2023-08-10 00:00:00.000000,214.04351806640625,216.81054267322952,213.39756171882078,215.22939205986694,3033300,VTI
2023-08-11 00:00:00.000000,213.841064453125,214.4291761665599,212.8480255337393,213.16618577654035,2220400,VTI
2023-08-14 00:00:00.000000,214.90158081054688,214.92086726138822,213.11797395588985,213.37828955286741,2435100,VTI
2023-08-15 00:00:00.000000,212.4623565673828,214.26526449536166,212.1441963447983,214.0338712304136,2997300,VTI
2023-08-16 00:00:00.000000,210.7076873779297,213.03121193123363,210.7076873779297,212.23099338216517,2933500,VTI
2023-08-17 00:00:00.000000,208.98193359375,211.62361868569562,208.7794773221477,211.41151183175273,3135900,VTI
2023-08-18 00:00:00.000000,209.2229461669922,209.75321325976418,207.31399934426543,207.50681972947731,2933300,VTI
2023-08-21 00:00:00.000000,210.42808532714844,210.83301253669853,208.59626965852874,209.6085950380299,2755400,VTI
2023-08-22 00:00:00.000000,209.86888122558594,211.35362893449448,209.5796580327799,211.35362893449448,2891900,VTI
2023-08-23 00:00:00.000000,212.16348266601562,212.49127875772174,210.2545360429172,210.2545360429172,2560200,VTI
2023-08-24 00:00:00.000000,209.31935119628906,213.20473983537894,209.29042887579968,212.78052618653265,3099400,VTI
2023-08-25 00:00:00.000000,210.74627685546875,211.37296156973213,208.29742678337792,210.15816504950834,3631000,VTI
2023-08-28 00:00:00.000000,212.0959930419922,212.41415325070855,211.23792994984814,211.69106587942142,2364700,VTI
2023-08-29 00:00:00.000000,215.18118286132812,215.3065227249212,211.91282822812613,212.0478039615142,3160300,VTI
2023-08-30 00:00:00.000000,216.13565063476562,216.44417500575148,215.04620888894462,215.23902926518494,2420800,VTI
2023-08-31 00:00:00.000000,215.90423583984375,217.09973079868502,215.84639120780295,216.44413868722359,3044000,VTI
2023-09-01 00:00:00.000000,216.61767578125,217.67820975515212,215.92352547526346,217.25399616559127,3047600,VTI
2023-09-05 00:00:00.000000,215.32577514648438,216.57912953621513,215.2679305104007,216.21276055935147,2531500,VTI
2023-09-06 00:00:00.000000,213.97604370117188,215.17153888753288,212.82874257651739,214.9883690882936,2473700,VTI
2023-09-07 00:00:00.000000,213.24330139160156,213.5518257633603,212.18278196399731,212.4720198847082,2964700,VTI
2023-09-08 00:00:00.000000,213.47471618652344,214.20743957642398,213.05050248822457,213.2722599194965,2244400,VTI
2023-09-11 00:00:00.000000,214.81483459472656,215.0365773114366,213.9856936634923,214.67022297757936,2087900,VTI
2023-09-12 00:00:00.000000,213.7735595703125,214.96906939427944,213.5036081118766,214.16885088846905,2448500,VTI
2023-09-13 00:00:00.000000,213.802490234375,214.32312143257147,213.1661844639429,213.83141255524683,1990000,VTI
2023-09-14 00:00:00.000000,215.63430786132812,215.9428175028387,214.3616669730636,214.85337582137075,2002400,VTI
2023-09-15 00:00:00.000000,213.09866333007812,214.92084287970073,212.83834776263205,214.8919205623456,2639200,VTI
2023-09-18 00:00:00.000000,213.1179656982422,213.73499969999273,212.635907424648,212.98298997008587,2259600,VTI
2023-09-19 00:00:00.000000,212.57806396484375,212.9444182511569,211.30542305409492,212.69375324354777,2977800,VTI
2023-09-20 00:00:00.000000,210.6980438232422,213.54219967741741,210.61127685642901,213.19511709891228,2448400,VTI
2023-09-21 00:00:00.000000,207.1641845703125,209.4188108379311,207.05774247990416,209.36075420046603,4190400,VTI
2023-09-22 00:00:00.000000,206.72872924804688,208.33503166611177,206.4964879507425,207.73507867270035,3261300,VTI
2023-09-25 00:00:00.000000,207.5609130859375,207.5609130859375,205.86752568313847,206.25457975485455,3440000,VTI
2023-09-26 00:00:00.000000,204.5708770751953,206.52551932036346,204.18380824063257,206.16749356791345,4371900,VTI
2023-09-27 00:00:00.000000,204.7837677001953,205.586918946426,203.0516659868885,205.25790673538162,4407300,VTI
2023-09-28 00:00:00.000000,206.13845825195312,206.95128062918766,204.3096005205925,204.580541313004,2952400,VTI
2023-09-29 00:00:00.000000,205.53851318359375,207.7253965823487,204.93856022168268,207.60928332237606,4441400,VTI
2023-10-02 00:00:00.000000,205.26756286621094,205.9642719240176,203.92253019506063,205.33529067632747,4358100,VTI
2023-10-03 00:00:00.000000,202.2872314453125,204.84182680409407,201.59052227790232,204.17414595489544,4389100,VTI
2023-10-04 00:00:00.000000,203.74838256835938,204.06770884163822,201.65825501517088,202.46140629066,3045400,VTI
2023-10-05 00:00:00.000000,203.6419219970703,204.03866200651933,202.02594840815527,203.57419418079408,2679700,VTI
2023-10-06 00:00:00.000000,206.0707550048828,206.8642203443545,201.8227720025564,202.2969110632221,3666300,VTI
2023-10-09 00:00:00.000000,207.36740112304688,207.70606976912376,204.90956181698039,205.0547181782997,2869700,VTI
2023-10-10 00:00:00.000000,208.6543426513672,209.93163278020123,207.6286361690034,207.65766448339747,3494600,VTI
2023-10-11 00:00:00.000000,209.4768524169922,209.62200876538736,207.9286213902734,209.20591161818723,3033000,VTI
2023-10-12 00:00:00.000000,207.7931671142578,209.70910998737625,206.6223041130832,209.6220250306816,3244200,VTI
2023-10-13 00:00:00.000000,206.62228393554688,209.0220515761778,205.86751818756483,208.55758375399637,3267700,VTI
2023-10-16 00:00:00.000000,209.0220489501953,209.45750321600843,207.61895955247988,207.78345826316155,3361600,VTI
2023-10-17 00:00:00.000000,209.2930145263672,210.34776426060938,207.2416012264908,207.43512827579033,3627700,VTI
2023-10-18 00:00:00.000000,206.196533203125,208.6543724507203,205.71270820723885,208.1511903207519,3255000,VTI
2023-10-19 00:00:00.000000,204.25155639648438,207.41577591647413,203.874173500718,206.49649663753468,4322700,VTI
2023-10-20 00:00:00.000000,201.72598266601562,204.22252126438514,201.63889771570612,204.03866541473204,4447600,VTI
2023-10-23 00:00:00.000000,201.17440795898438,203.17745033582935,199.97453153474783,200.95185261661237,5473000,VTI
2023-10-24 00:00:00.000000,202.69363403320312,203.40970030398105,201.38730070865097,202.30657996342205,3180900,VTI
2023-10-25 00:00:00.000000,199.68421936035156,201.7936889008979,199.42294977220047,201.70660395990242,3454500,VTI
2023-10-26 00:00:00.000000,197.61346435546875,199.68423455711022,197.04255445638591,199.25846623739903,4133400,VTI
2023-10-27 00:00:00.000000,196.54904174804688,198.47467035260195,195.89104690739424,198.36822827365336,4290700,VTI
2023-10-30 00:00:00.000000,198.8133544921875,199.31652180810784,197.16833785384853,197.91343240937667,3562700,VTI
2023-10-31 00:00:00.000000,200.10031127929688,200.30352424984628,198.19405460831084,198.97784864512292,3325300,VTI
2023-11-01 00:00:00.000000,202.10336303710938,202.4517175991837,200.1777343793699,200.43900399221715,5789300,VTI
2023-11-02 00:00:00.000000,206.11912536621094,206.2158962742411,204.02901254533458,204.02901254533458,4111600,VTI
2023-11-03 00:00:00.000000,208.4414825439453,209.20591951976738,207.33836217424212,207.38674762553467,4217100,VTI
2023-11-06 00:00:00.000000,208.528564453125,209.0801320125083,207.53188618474798,208.8478907087943,2915000,VTI
2023-11-07 00:00:00.000000,209.14785766601562,209.49621223539708,207.94796642366478,208.41244902628426,3194300,VTI
2023-11-08 00:00:00.000000,209.1188201904297,209.70908721922007,208.04472821230834,209.34137553287553,2813800,VTI
2023-11-09 00:00:00.000000,207.33836364746094,209.76715976187052,207.13515065665501,209.6220181721283,2771200,VTI
2023-11-10 00:00:00.000000,210.4251708984375,210.57031248919895,207.51253501237773,208.1415163577335,3303400,VTI
2023-11-13 00:00:00.000000,210.29934692382812,210.8122001710443,209.34136824205711,209.79616485980208,2829400,VTI
2023-11-14 00:00:00.000000,214.96343994140625,215.57306416157328,213.37649454421253,213.37649454421253,4055100,VTI
2023-11-15 00:00:00.000000,215.49563598632812,216.560056813065,215.09889597225657,215.65046351842915,2819200,VTI
2023-11-16 00:00:00.000000,215.35049438476562,215.66982063275933,214.43122990638952,215.10858190281579,2754500,VTI
2023-11-17 00:00:00.000000,215.8923797607422,216.21170601432516,215.22469893644745,215.66013845854553,3123700,VTI
2023-11-20 00:00:00.000000,217.51803588867188,217.96316138306446,215.7859488942214,215.89239098428266,2875600,VTI
2023-11-21 00:00:00.000000,216.92774963378906,217.1696621111745,216.37619686323652,216.9954922147366,2513800,VTI
2023-11-22 00:00:00.000000,217.85670471191406,218.4566429438325,217.26643766383856,217.5760927288069,2880400,VTI
2023-11-24 00:00:00.000000,218.08892822265625,218.146984851311,217.7308877373437,217.75991605167107,1219500,VTI
2023-11-27 00:00:00.000000,217.80831909179688,218.23408742321183,217.4986787922372,217.83734740846916,2410000,VTI
2023-11-28 00:00:00.000000,217.94378662109375,218.6017962423874,217.18902086722215,217.49867592786998,2761900,VTI
2023-11-29 00:00:00.000000,218.04055786132812,219.84038729996425,217.82767369808985,219.0565932285715,2653700,VTI
2023-11-30 00:00:00.000000,218.94046020507812,219.06625941644077,217.547056757249,218.42760694129058,3148000,VTI
2023-12-01 00:00:00.000000,220.78866577148438,220.9434932920137,218.29212737231774,218.6791961736411,4078700,VTI
2023-12-04 00:00:00.000000,219.99522399902344,220.07262300236667,218.76630441732547,219.25012939663702,3837800,VTI
2023-12-05 00:00:00.000000,219.56944274902344,220.09196719929383,218.8920907708338,219.25011650962708,3019000,VTI
2023-12-06 00:00:00.000000,218.64051818847656,220.7790312207676,218.5727903652355,220.51776158216927,3172900,VTI
2023-12-07 00:00:00.000000,220.39195251464844,220.6725792752859,219.37593185522582,219.6468726664274,2724300,VTI
2023-12-08 00:00:00.000000,221.4467010498047,221.6789275923833,219.91781232877295,220.00489728223994,2741500,VTI
2023-12-11 00:00:00.000000,222.35626220703125,222.39497647120763,221.1176715263674,221.29185618482995,3076600,VTI
2023-12-12 00:00:00.000000,223.19815063476562,223.31426390891906,221.55314860186775,222.16275805634044,3214900,VTI
2023-12-13 00:00:00.000000,226.6623077392578,226.8461488092844,223.09167740575978,223.30456155543797,4231100,VTI
2023-12-14 00:00:00.000000,228.0073699951172,228.92663452503058,226.61395165853955,228.0363983133653,5014500,VTI
2023-12-15 00:00:00.000000,227.6977081298828,228.30733232526498,227.03971324897282,227.19452601996153,4298600,VTI
2023-12-18 00:00:00.000000,228.68470764160156,229.158861418434,228.19121149726536,228.22991099743905,3855100,VTI
2023-12-19 00:00:00.000000,230.35874938964844,230.397463656924,229.06210197408583,229.06210197408583,3731700,VTI
2023-12-20 00:00:00.000000,226.923583984375,230.96836844480092,226.85585616590325,230.0491039472571,5149700,VTI
2023-12-21 00:00:00.000000,229.43276977539062,229.5105157280811,227.46001256500816,228.45125492615637,4427000,VTI
2023-12-22 00:00:00.000000,229.95758056640625,230.82248401113418,228.9954909612938,229.918700170842,3662400,VTI
2023-12-26 00:00:00.000000,231.09458923339844,231.5902030666871,230.1810927014918,230.29770423202413,3829400,VTI
2023-12-27 00:00:00.000000,231.53187561035156,231.71652040208016,230.77387107585255,231.2889250588192,5103700,VTI
2023-12-28 00:00:00.000000,231.415283203125,232.00808319096382,231.415283203125,231.53189473236344,4099400,VTI
2023-12-29 00:00:00.000000,230.5309600830078,231.74571304911905,229.8118209888001,231.4250164866424,4188800,VTI
2024-01-02 00:00:00.000000,228.9857635498047,229.84093942637918,228.15001304123686,229.00518891781135,4847600,VTI
2024-01-03 00:00:00.000000,226.78945922851562,228.12083823526908,226.53679601198644,227.91675326261276,3925500,VTI
2024-01-04 00:00:00.000000,226.20640563964844,227.93621239531788,226.09950680290368,226.68257923453638,3681900,VTI
2024-01-05 00:00:00.000000,226.54653930664062,227.78073233536836,225.84684048945056,226.13838413470071,3305500,VTI
2024-01-08 00:00:00.000000,229.78262329101562,229.8895221243268,226.68257195351646,226.69229946560583,4156600,VTI
2024-01-09 00:00:00.000000,229.3550567626953,229.88955099637877,228.1208785113574,228.51930618689747,4524800,VTI
2024-01-10 00:00:00.000000,230.54063415527344,230.95851681645888,229.14123660013365,229.46193310889691,3343400,VTI
2024-01-11 00:00:00.000000,230.3851318359375,231.15284897329053,228.29574841592213,230.8224398168866,3375600,VTI
2024-01-12 00:00:00.000000,230.4240264892578,231.64849195622307,229.75348058049406,231.26948968107726,3053400,VTI
2024-01-16 00:00:00.000000,229.3550567626953,230.22968773468452,228.47072793444784,229.62716022192936,3646700,VTI
2024-01-17 00:00:00.000000,227.97509765625,228.2472011135598,226.84780343109432,227.80018036020496,3336600,VTI
2024-01-18 00:00:00.000000,229.98670959472656,230.27825321711518,228.00422482530362,228.99546721001508,3509900,VTI
2024-01-19 00:00:00.000000,232.78550720214844,232.97987951727487,230.0838981013794,230.68642558692497,3850800,VTI
2024-01-22 00:00:00.000000,233.79615783691406,234.59302787139367,233.2811038951285,233.75727744780363,3952700,VTI
2024-01-23 00:00:00.000000,234.22377014160156,234.36953454003336,233.2908335060639,234.22377014160156,3015300,VTI
2024-01-24 00:00:00.000000,234.1848907470703,236.02159631775712,234.05856654406634,235.81752615908349,3003000,VTI
2024-01-25 00:00:00.000000,235.48712158203125,235.72034462508418,234.2723688043801,235.3607825480275,2993900,VTI
2024-01-26 00:00:00.000000,235.29275512695312,236.16738604573072,234.9137528440405,235.4773999263126,2858200,VTI
2024-01-29 00:00:00.000000,237.43072509765625,237.4501504654846,235.30247586697124,235.5065460288444,3463400,VTI
2024-01-30 00:00:00.000000,237.10031127929688,237.4404480017595,236.7018836223151,237.1877847523899,3098900,VTI
2024-01-31 00:00:00.000000,233.106201171875,236.38118484071575,233.09648848763547,235.99245504325106,3884500,VTI
2024-02-01 00:00:00.000000,236.24513244628906,236.24513244628906,233.27140511111935,234.10715563763264,3986800,VTI
2024-02-02 00:00:00.000000,238.26644897460938,239.07304655530731,235.84667106103987,236.10906179898362,3876600,VTI
2024-02-05 00:00:00.000000,237.13917541503906,238.0818247290366,235.89526979361383,237.9263328192273,3324800,VTI
2024-02-06 00:00:00.000000,237.94578552246094,238.1109901246204,237.0225615272677,237.5862086085605,2568400,VTI
2024-02-07 00:00:00.000000,239.82135009765625,240.12260641257916,238.47054560819464,239.06334555413247,2305700,VTI
2024-02-08 00:00:00.000000,240.41416931152344,240.49191527459337,239.55897854628063,239.85052220066126,2668200,VTI
2024-02-09 00:00:00.000000,241.88157653808594,242.12452710304126,240.53077199007552,240.76400987070184,2367700,VTI
2024-02-12 00:00:00.000000,242.11480712890625,243.2809668398748,241.70665197149353,242.01762097444,2769700,VTI
2024-02-13 00:00:00.000000,238.23731994628906,239.37434164836714,236.48808772760916,238.68435551389055,5832600,VTI
2024-02-14 00:00:00.000000,240.8708953857422,241.03609998134843,238.68434042212016,239.90880586347956,2606900,VTI
2024-02-15 00:00:00.000000,242.72703552246094,242.8922401142314,241.0263817013522,241.33735068923647,3181900,VTI
2024-02-16 00:00:00.000000,241.4539794921875,243.17405869793546,241.10413010942906,242.57154608316668,2909200,VTI
2024-02-20 00:00:00.000000,239.9379425048828,240.76398025553434,238.8300886580992,240.5696227931822,3445100,VTI
2024-02-21 00:00:00.000000,239.98655700683594,240.02543739989244,238.21788466441927,239.11194093389173,2169900,VTI
2024-02-22 00:00:00.000000,244.7289581298828,245.09824772357211,242.57155598621674,242.9116926991964,3873000,VTI
2024-02-23 00:00:00.000000,244.89413452148438,245.78819069348918,244.4373863382775,245.34117002174858,2856000,VTI
2024-02-26 00:00:00.000000,244.1555938720703,245.32175356454297,244.11671347949036,244.91359841360378,2585800,VTI
2024-02-27 00:00:00.000000,244.83584594726562,244.99133785640112,243.8737564415801,244.6900667217544,2024600,VTI
2024-02-28 00:00:00.000000,244.42771911621094,244.85531450159425,243.8932248844818,244.01956392885225,2192200,VTI
2024-02-29 00:00:00.000000,245.45779418945312,246.15749293902283,244.03895649490224,245.55496550946182,2610400,VTI
2024-03-01 00:00:00.000000,247.71237182617188,247.87759124725778,245.55496978221305,245.90481916308542,3693800,VTI
2024-03-04 00:00:00.000000,247.46942138671875,248.37320513291718,247.3528098692188,247.5957604163601,4966800,VTI
2024-03-05 00:00:00.000000,244.84555053710938,246.7016962161789,243.83488281818737,246.52676411705303,3134800,VTI
2024-03-06 00:00:00.000000,246.29356384277344,247.3333845361902,245.5549846448255,246.71143169127512,2501700,VTI
2024-03-07 00:00:00.000000,248.6939239501953,249.14094469307327,247.4694435924732,247.80958032040175,2940900,VTI
2024-03-08 00:00:00.000000,247.25563049316406,250.44314057270608,246.87662822238087,249.1895370681867,3673500,VTI
2024-03-11 00:00:00.000000,246.85719299316406,247.1778894907887,245.57440700266568,246.73085396510834,3038700,VTI
2024-03-12 00:00:00.000000,249.2964324951172,249.50050266568027,246.4976372420467,247.79986353972714,4380100,VTI
2024-03-13 00:00:00.000000,248.98544311523438,249.62683615121514,248.2663189493093,249.33530734261058,2667400,VTI
2024-03-14 00:00:00.000000,248.02334594726562,249.6268135636016,246.56564272204238,249.45189629426633,3664100,VTI
2024-03-15 00:00:00.000000,246.55593872070312,247.46942031804898,245.57440902423514,246.4490398872816,3216800,VTI
2024-03-18 00:00:00.000000,247.8095703125,248.98544271471454,247.62492551499722,248.3732173891044,3455400,VTI
2024-03-19 00:00:00.000000,249.2381134033203,249.31584453083696,247.00296535983162,247.25562859557297,2900200,VTI
2024-03-20 00:00:00.000000,251.7648162841797,251.89115532193782,248.96602105617242,249.22839698740393,2480800,VTI
2024-03-21 00:00:00.000000,252.80462646484375,253.70839534997143,252.7074403180772,253.30022539637125,3723200,VTI
2024-03-22 00:00:00.000000,252.09368896484375,253.0201573665155,251.93765061502157,252.7665913278954,2465300,VTI
2024-03-25 00:00:00.000000,251.52806091308594,252.08391215950314,251.40127790137433,251.70359288563873,2714400,VTI
2024-03-26 00:00:00.000000,251.07943725585938,252.41548019256058,250.9039052848921,252.38622486406604,2591500,VTI
2024-03-27 00:00:00.000000,253.29322814941406,253.41024947659596,251.61585301683547,252.70809175223113,4030200,VTI
2024-03-28 00:00:00.000000,253.45899963378906,254.12214033178563,253.32248467185968,253.3614719402546,2669100,VTI
2024-04-01 00:00:00.000000,253.26394653320312,253.92708715926034,252.26920583284698,253.86857650174179,3292300,VTI
2024-04-02 00:00:00.000000,250.9234161376953,251.1184715152257,249.84093914783642,251.1184715152257,3213400,VTI
2024-04-03 00:00:00.000000,251.31353759765625,252.03518895496816,250.29930316158595,250.3675755227569,3241600,VTI
2024-04-04 00:00:00.000000,248.3000946044922,253.54675392429073,248.13430943764672,253.2151835905998,3121300,VTI
2024-04-05 00:00:00.000000,250.80641174316406,251.8011525699253,248.68044488644847,248.78771939907594,4178500,VTI
2024-04-08 00:00:00.000000,251.09898376464844,251.74263081205132,250.72839639542198,251.4110307102266,3223800,VTI
2024-04-09 00:00:00.000000,251.45980834960938,252.09369369678583,249.07051385493736,251.94741704147938,2940600,VTI
2024-04-10 00:00:00.000000,248.65115356445312,249.6946432072174,247.6271724340621,248.4073492420093,3348900,VTI
2024-04-11 00:00:00.000000,250.3383026123047,251.0501922219539,247.58818257596505,249.41183423653632,3434200,VTI
2024-04-12 00:00:00.000000,246.7300262451172,249.30459983679725,245.91084712063673,248.94377412543662,3574400,VTI
2024-04-15 00:00:00.000000,243.6970672607422,248.88523079623533,243.08267555768745,248.68042860167174,4804300,VTI
2024-04-16 00:00:00.000000,242.9656524658203,244.43822532233466,242.31225862032178,243.69706548579217,3466800,VTI
2024-04-17 00:00:00.000000,241.5418243408203,244.7112807051673,240.85917517693426,244.23343373076492,2861400,VTI
2024-04-18 00:00:00.000000,241.0444793701172,243.34599299494846,240.53736216311736,242.16598829173913,2991700,VTI
2024-04-19 00:00:00.000000,239.15255737304688,241.55159870985727,238.5089252022664,240.94696868735818,3469000,VTI
2024-04-22 00:00:00.000000,241.50282287597656,242.7120977415836,239.29883703188722,240.4788416869405,3112000,VTI
2024-04-23 00:00:00.000000,244.3797149658203,244.73079381106925,242.117218425822,242.4097866103021,2399000,VTI
2024-04-24 00:00:00.000000,244.43824768066406,245.27693528217046,243.12171305267526,244.9843819519312,2285900,VTI
2024-04-25 00:00:00.000000,243.2777557373047,243.697092105188,240.32283312366278,241.1810292559753,2473300,VTI
2024-04-26 00:00:00.000000,245.54022216796875,246.28138199384716,244.23343449577428,244.64302399538886,3238100,VTI
2024-04-29 00:00:00.000000,246.50570678710938,246.84702394931244,245.12089986241207,246.4861982724977,2086000,VTI
2024-04-30 00:00:00.000000,242.4487762451172,246.07658583192213,242.40001240344773,245.69625167591687,2502700,VTI
2024-05-01 00:00:00.000000,241.8441925048828,245.73530079537957,241.46385827617323,242.3025459190505,3509500,VTI
2024-05-02 00:00:00.000000,244.3504638671875,244.70154271851652,241.47357557802155,243.93112753732473,2580200,VTI
2024-05-03 00:00:00.000000,247.2468719482422,248.09530634405544,245.9498309905764,247.3151443105263,2350200,VTI
2024-05-06 00:00:00.000000,249.8994598388672,249.8994598388672,248.3098507081372,248.4853975788331,2811500,VTI
2024-05-07 00:00:00.000000,250.123779296875,250.79668171022448,249.7922089391958,250.23103892967958,1829900,VTI
2024-05-08 00:00:00.000000,249.94821166992188,250.1920160237791,249.0022644671417,249.14854112720133,2600100,VTI
2024-05-09 00:00:00.000000,251.4207763671875,251.48904872269406,249.65563538850637,249.9481886817189,2418700,VTI
2024-05-10 00:00:00.000000,251.65481567382812,252.6105393544686,251.0697090951406,252.2594754072561,1922500,VTI
2024-05-13 00:00:00.000000,251.7913818359375,252.65930984245276,251.1769901146982,252.65930984245276,1948400,VTI
2024-05-14 00:00:00.000000,253.0201873779297,253.23473641422441,251.68411442934044,251.83042086052714,2466800,VTI
2024-05-15 00:00:00.000000,256.1311340332031,256.2189000353244,253.9856436659867,254.38548640538954,2508700,VTI
2024-05-16 00:00:00.000000,255.43865966796875,256.75520897224203,255.3703873144185,256.1700726413128,2445000,VTI
2024-05-17 00:00:00.000000,255.79954528808594,255.79954528808594,254.76581709093185,255.65326861137112,2208700,VTI
2024-05-20 00:00:00.000000,256.0628662109375,256.8332666080991,255.71177243494603,255.9263214754752,2366100,VTI
2024-05-21 00:00:00.000000,256.58941650390625,256.63819522699646,255.63372257109788,255.7019949266616,2241900,VTI
2024-05-22 00:00:00.000000,255.7215118408203,256.55045259611376,254.6585284294529,256.3456355107754,2356600,VTI
2024-05-23 00:00:00.000000,253.54676818847656,257.37939527801854,253.00064881270026,257.3208548522882,6603000,VTI
2024-05-24 00:00:00.000000,255.38014221191406,255.71171251298344,253.99535035222846,254.57072497125495,3123700,VTI
2024-05-28 00:00:00.000000,255.38014221191406,255.96527852726499,254.03433761498772,255.96527852726499,3078100,VTI
2024-05-29 00:00:00.000000,253.283447265625,253.91733258069274,253.00062590551005,253.1859195799366,3179000,VTI
2024-05-30 00:00:00.000000,252.0449676513672,253.18595542778397,251.36230351616328,252.85438505851434,3030200,VTI
2024-05-31 00:00:00.000000,253.98562622070312,254.1416645786263,249.89946286649158,252.58131076066857,3407400,VTI
2024-06-03 00:00:00.000000,254.06361389160156,255.175375958566,251.68408117123334,255.175375958566,6203400,VTI
2024-06-04 00:00:00.000000,254.03439331054688,254.42450411382322,252.5325798107811,253.40050789713658,2489800,VTI
2024-06-05 00:00:00.000000,257.1452941894531,257.1452941894531,254.23916564121032,255.3118808774964,2384000,VTI
2024-06-06 00:00:00.000000,256.9210510253906,257.41839169093737,256.0921102344461,257.116076660082,2190200,VTI
2024-06-07 00:00:00.000000,256.43341064453125,257.74993024034035,255.750746604187,256.37489998521846,1838900,VTI
2024-06-10 00:00:00.000000,257.2915954589844,257.45739551317666,255.70201608464163,255.82876934811404,1958400,VTI
2024-06-11 00:00:00.000000,257.73046875,257.79874111480314,255.3899528017817,256.4821915935319,3017300,VTI
2024-06-12 00:00:00.000000,260.1587219238281,261.5630372896928,259.6126025883554,260.4707986187473,2762600,VTI
2024-06-13 00:00:00.000000,260.2757568359375,261.1631783799965,258.9201905173112,260.8413697692275,2285200,VTI
2024-06-14 00:00:00.000000,260.0806884765625,260.0806884765625,258.6666115720975,259.27124149993165,2205600,VTI
2024-06-17 00:00:00.000000,262.0604248046875,262.723565503816,259.44684927663496,259.80767495818213,2452000,VTI
2024-06-18 00:00:00.000000,262.7236022949219,262.86014703747924,262.0019508307694,262.1969764842085,2024300,VTI
2024-06-20 00:00:00.000000,262.0604248046875,263.49399559439763,261.1144627222084,263.2501912407821,3168600,VTI
2024-06-21 00:00:00.000000,261.6606140136719,262.14822278038685,260.831673158001,261.76790341821334,2676000,VTI
2024-06-24 00:00:00.000000,261.22174072265625,263.0941713850614,261.1437364189741,261.68985582857647,2226500,VTI
2024-06-25 00:00:00.000000,262.07989501953125,262.07989501953125,260.86087336038514,261.7190693702274,2073800,VTI
2024-06-26 00:00:00.000000,262.0701904296875,262.4310161166418,260.99744530544893,261.3387773578804,1857500,VTI
2024-06-27 00:00:00.000000,262.7041015625,262.9088889095271,261.83614368011393,261.96292672012777,2655400,VTI
2024-06-28 00:00:00.000000,261.8056335449219,264.6437880499092,261.25757735913766,263.6259566191004,2822800,VTI
2024-07-01 00:00:00.000000,262.3341369628906,262.7647568695665,261.0423071096897,262.7647568695665,2881000,VTI
2024-07-02 00:00:00.000000,263.8511047363281,263.8804638271257,261.551209734428,261.75672337001106,4207800,VTI
2024-07-03 00:00:00.000000,264.9373779296875,265.1233287634777,263.8608283305921,263.8608283305921,1948500,VTI
2024-07-05 00:00:00.000000,266.3172912597656,266.45432022705086,264.63396745306085,265.0450244880971,4237500,VTI
2024-07-08 00:00:00.000000,266.6794128417969,267.10026621925414,266.1117939049879,266.8360045853217,2335000,VTI
2024-07-09 00:00:00.000000,266.61090087890625,267.35467425084613,266.50323099954056,267.00236526416165,2702100,VTI
2024-07-10 00:00:00.000000,269.1946105957031,269.34140601820815,267.0317450592746,267.3840540732867,1992600,VTI
2024-07-11 00:00:00.000000,267.9908447265625,270.3690501833329,267.6091766047939,269.8699158495824,3598000,VTI
2024-07-12 00:00:00.000000,269.7622985839844,271.44559282906664,268.49000171481725,268.4997980333479,2729500,VTI
2024-07-15 00:00:00.000000,270.9171142578125,272.3655357127042,269.9971563715214,270.8975216218341,3386100,VTI
2024-07-16 00:00:00.000000,273.14849853515625,273.2561385673425,271.4847372607484,271.6804844224988,3261100,VTI
2024-07-17 00:00:00.000000,269.29248046875,271.35747240621464,269.1260924143153,270.34943736309384,3346100,VTI
2024-07-18 00:00:00.000000,266.9436950683594,270.65285587868624,265.8573490972343,270.1145959855893,2904200,VTI
2024-07-19 00:00:00.000000,265.2799072265625,267.5014909363536,264.7318510702544,266.7479211881351,2414200,VTI
2024-07-22 00:00:00.000000,268.0495910644531,268.304026521743,266.10200546351217,266.96324514497843,2527300,VTI
2024-07-23 00:00:00.000000,267.8538513183594,269.27294354185085,267.7266186527856,268.030005839851,2229500,VTI
2024-07-24 00:00:00.000000,261.8251953125,265.8181803460666,261.38477915529677,265.55394857183785,3050700,VTI
2024-07-25 00:00:00.000000,260.81719970703125,265.28975697886375,260.27893975943215,261.99162305957213,3237800,VTI
2024-07-26 00:00:00.000000,263.9390869140625,265.21135354600835,262.5297913298802,262.9114892395536,2757900,VTI
2024-07-29 00:00:00.000000,263.95867919921875,265.2994604572331,263.03872142702414,264.9569477719683,2814400,VTI
2024-07-30 00:00:00.000000,262.86260986328125,265.3680182875363,261.1792857782201,264.73188479651026,2174100,VTI
2024-07-31 00:00:00.000000,266.7577209472656,268.4410448395951,265.31906605168854,266.1411502967582,2541500,VTI
2024-08-01 00:00:00.000000,262.57879638671875,268.65639671957234,260.92483132095253,267.4232552259222,3767300,VTI
2024-08-02 00:00:00.000000,257.2939453125,259.1240648734983,255.13107945557704,258.85983307383526,4744200,VTI
2024-08-05 00:00:00.000000,249.73851013183594,252.82133325751843,245.64765201923333,245.85318052986977,8463400,VTI
2024-08-06 00:00:00.000000,252.2733154296875,255.78675887593784,250.08109062835143,251.09892208618157,5255200,VTI
2024-08-07 00:00:00.000000,250.34535217285156,256.75568368638864,250.11046453019028,255.5029794590198,3398500,VTI
2024-08-08 00:00:00.000000,256.20758056640625,256.5794821992071,252.0090524559836,253.1638828875511,2922800,VTI
2024-08-09 00:00:00.000000,257.3135681152344,258.01821619710194,255.23874941480383,256.1587074624317,2667400,VTI
2024-08-12 00:00:00.000000,257.14715576171875,258.3607046178247,256.17827594059065,258.00839554353286,2548500,VTI
2024-08-13 00:00:00.000000,261.4239196777344,261.51199693079695,258.6640462811593,258.7717161683382,2316200,VTI
2024-08-14 00:00:00.000000,262.1676940917969,262.74510926503854,260.45501133721297,261.94258789199745,2335300,VTI
2024-08-15 00:00:00.000000,266.7087707519531,266.9534397501037,264.81013693695877,265.1624758250426,3031600,VTI
2024-08-16 00:00:00.000000,267.3449401855469,267.7070455324414,265.9356443344609,266.1020025316073,2571900,VTI
2024-08-19 00:00:00.000000,269.86993408203125,269.90908948867053,267.198137581855,267.78534921414723,2660000,VTI
2024-08-20 00:00:00.000000,269.2142028808594,270.41798521102913,268.57806940237566,269.8014145020842,2041900,VTI
2024-08-21 00:00:00.000000,270.56475830078125,270.995378129655,269.0869778518392,269.88946947217556,1983700,VTI
2024-08-22 00:00:00.000000,268.2746887207031,271.67069599462206,267.7755543505194,271.2596687565615,2554300,VTI
2024-08-23 00:00:00.000000,271.670654296875,271.9055269682884,269.4588370849993,269.86009780987706,2281800,VTI
2024-08-26 00:00:00.000000,270.9856262207031,272.59063941432515,270.3690555296011,272.19917496711173,2263800,VTI
2024-08-27 00:00:00.000000,271.2302551269531,271.4651277871862,269.732852317512,270.2124238212458,1787900,VTI
2024-08-28 00:00:00.000000,269.5763244628906,271.1715413039716,268.078951331371,270.897513210191,1856400,VTI
2024-08-29 00:00:00.000000,269.84051513671875,272.3752820847981,269.37073996172745,270.58431836375064,3018000,VTI
2024-08-30 00:00:00.000000,272.44384765625,272.590643092583,269.21419872280757,270.81924180491046,2029300,VTI
2024-09-03 00:00:00.000000,266.58154296875,271.0932245355982,265.37776085864925,270.8974774087008,3818900,VTI
2024-09-04 00:00:00.000000,265.9845886230469,267.7070681122843,265.2016596916613,265.23101877991763,2946700,VTI
2024-09-05 00:00:00.000000,265.1625061035156,267.198139259173,264.0761600969319,266.0041532171859,3997800,VTI
2024-09-06 00:00:00.000000,260.7584533691406,266.2390453111543,260.33762982887123,265.3973683637922,3599900,VTI
2024-09-09 00:00:00.000000,263.54766845703125,264.2914419077461,261.87411099257497,262.66686603021395,2969800,VTI
2024-09-10 00:00:00.000000,264.57525634765625,264.72205176879453,261.9622082509347,264.36974275806267,1874700,VTI
2024-09-11 00:00:00.000000,267.20794677734375,267.5308967639145,260.24957371979656,264.4578691981832,2640200,VTI
2024-09-12 00:00:00.000000,269.4294738769531,269.6741428615369,266.3466506445611,267.5993546509574,2420700,VTI
2024-09-13 00:00:00.000000,271.3085632324219,271.77833846675924,269.87970462819186,270.1145773119498,2474700,VTI
2024-09-16 00:00:00.000000,271.8468322753906,271.95450217029935,270.3592554499483,271.21069882416697,2065700,VTI
2024-09-17 00:00:00.000000,272.120849609375,273.81396983991317,271.0638926717237,273.0310409873434,2133600,VTI
2024-09-18 00:00:00.000000,271.435791015625,275.0666705653247,271.1813257015775,272.4340297704853,3389900,VTI
2024-09-19 00:00:00.000000,276.0355529785156,276.96530712229776,274.6164907031054,276.08450469845326,2660200,VTI
2024-09-20 00:00:00.000000,275.4581604003906,276.0062166144247,274.1075826347981,275.6734703321057,2293600,VTI
2024-09-23 00:00:00.000000,276.14324951171875,276.5347139748831,275.458164301063,276.1824049180824,1920800,VTI
2024-09-24 00:00:00.000000,276.8380432128906,276.85763584538245,275.1449530441477,276.73040320145697,1952100,VTI
2024-09-25 00:00:00.000000,275.9278869628906,277.1120764448789,275.4972671754734,276.9163591840282,1744200,VTI
2024-09-26 00:00:00.000000,277.16107177734375,278.2865432715116,276.0747258214122,278.2082324613928,2616800,VTI
2024-09-27 00:00:00.000000,276.8871765136719,278.25174750454534,276.30797982080816,277.99649711282143,2644100,VTI
2024-09-30 00:00:00.000000,277.976806640625,278.20260731390107,275.23786874054326,276.4649876973413,2828300,VTI
2024-10-01 00:00:00.000000,275.44403076171875,277.8688191456957,274.0500403308102,277.8197463684374,4874900,VTI
2024-10-02 00:00:00.000000,275.5029602050781,276.0232574719675,273.7653404964594,275.1102581509303,3637500,VTI
2024-10-03 00:00:00.000000,274.9139404296875,275.8072866835168,273.79479348787027,274.70776286106167,2369200,VTI
2024-10-04 00:00:00.000000,277.5743408203125,277.71179254001265,275.2182781367071,277.28964080019244,2335400,VTI
2024-10-07 00:00:00.000000,275.04156494140625,276.9656791978933,274.4230921549381,276.8773302225351,11465600,VTI
2024-10-08 00:00:00.000000,277.3583679199219,277.7019672617707,275.7385766900205,276.13124881257806,2164600,VTI
2024-10-09 00:00:00.000000,279.2923278808594,279.5279251786705,277.0933398773832,277.37800995925005,2123800,VTI
2024-10-10 00:00:00.000000,278.713134765625,279.40030354597627,277.8492380507011,278.5855095746978,2547200,VTI
2024-10-11 00:00:00.000000,280.872802734375,281.1477061543461,278.7523674402695,278.7719905592844,1799500,VTI
2024-10-14 00:00:00.000000,283.0619812011719,283.44485669706677,281.36363777497587,281.6090615670237,1997000,VTI
2024-10-15 00:00:00.000000,281.1182556152344,283.4056224728853,280.67651069950335,283.0424000002964,3260800,VTI
2024-10-16 00:00:00.000000,282.551513671875,282.8361837033967,280.9906219319979,281.4716429829464,2215300,VTI
2024-10-17 00:00:00.000000,282.49261474609375,284.39710579310554,282.4631650890352,284.1713051163503,2810600,VTI
2024-10-18 00:00:00.000000,283.6019287109375,283.9651511261383,282.63985667041095,283.41540423411135,1822100,VTI
2024-10-21 00:00:00.000000,282.7086486816406,283.513616131158,281.3931804565165,283.22894603903273,2320100,VTI
2024-10-22 00:00:00.000000,282.3846435546875,282.9736667191826,281.2262503051902,281.6483720888093,2029000,VTI
2024-10-23 00:00:00.000000,279.832275390625,281.6582445020579,278.15358456352493,281.5207927590719,2637300,VTI
2024-10-24 00:00:00.000000,280.5783386230469,280.94156110009766,279.26287048177153,280.88266177727667,2235600,VTI
2024-10-25 00:00:00.000000,280.31329345703125,282.9736794179494,279.83224237230854,281.7760099146823,2813700,VTI
2024-10-28 00:00:00.000000,281.4520568847656,282.2177780269126,281.3146051612956,281.8054528154658,1874300,VTI
2024-10-29 00:00:00.000000,281.8250427246094,282.38461617457136,280.2249047261127,281.029872015278,2503400,VTI
2024-10-30 00:00:00.000000,281.1280822753906,282.82642595382924,280.79430946370786,281.7269319955887,2204100,VTI
2024-10-31 00:00:00.000000,275.88580322265625,279.56716025421446,275.81707736791674,279.56716025421446,3027400,VTI
2024-11-01 00:00:00.000000,277.0638732910156,279.2824842807998,276.7987963882054,277.34854335549375,2449400,VTI
2024-11-04 00:00:00.000000,276.5631408691406,277.8884352272373,275.72869405412,277.00491564149166,2383900,VTI
2024-11-05 00:00:00.000000,280.07763671875,280.07763671875,276.84788098730667,276.94602654299194,2060300,VTI
2024-11-06 00:00:00.000000,287.91162109375,288.23556738860685,284.8978090739584,286.9495488319598,5676800,VTI
2024-11-07 00:00:00.000000,289.924072265625,290.48364580089924,288.62825718257454,288.638053763902,4109000,VTI
2024-11-08 00:00:00.000000,291.2788391113281,291.9267616823399,290.10082258500677,290.19896815964194,4142400,VTI
2024-11-11 00:00:00.000000,292.0936279296875,292.6629980217032,291.3279067941006,292.47647351799947,3200900,VTI
2024-11-12 00:00:00.000000,290.945068359375,292.3292625039178,289.68849941353693,291.9758665311665,3474800,VTI
2024-11-13 00:00:00.000000,290.8076171875,292.10343224892415,290.2087674600173,291.3671607544715,2829100,VTI
2024-11-14 00:00:00.000000,288.6576843261719,291.180618390308,288.34353465098474,291.0726462913785,3280800,VTI
2024-11-15 00:00:00.000000,284.9959716796875,287.25385897747594,284.0535525420587,287.15571341067454,4025800,VTI
2024-11-18 00:00:00.000000,286.15435791015625,286.89062939673477,284.819266661463,285.31994085920473,2990100,VTI
2024-11-19 00:00:00.000000,287.4698486328125,287.7250990217573,284.15174337135926,284.5934883226493,2342200,VTI
2024-11-20 00:00:00.000000,287.63671875,287.7937935908093,284.82908461281056,287.55819630907666,2670800,VTI
2024-11-21 00:00:00.000000,289.649169921875,290.35599169631183,286.60593863092873,289.1386991799333,2560700,VTI
2024-11-22 00:00:00.000000,291.0824890136719,291.3769856261811,289.72774467820204,289.72774467820204,2639800,VTI
2024-11-25 00:00:00.000000,292.50592041015625,293.98828988588855,291.4653257987964,293.2029456369628,3384600,VTI
2024-11-26 00:00:00.000000,293.5759582519531,293.90976100734645,292.4175650245219,292.9673119785219,3292800,VTI
2024-11-27 00:00:00.000000,292.7415466308594,293.98828886039485,291.95617242571046,293.65451605781755,2730500,VTI
2024-11-29 00:00:00.000000,294.37115478515625,294.88165554351997,293.2422111186411,293.46801183553,1811900,VTI
2024-12-02 00:00:00.000000,294.9306945800781,295.2448442478991,294.31222178373105,294.8030694050908,3583700,VTI
2024-12-03 00:00:00.000000,294.9306945800781,295.06814629436025,294.1551769087818,294.88162180152665,2101200,VTI
2024-12-04 00:00:00.000000,296.91375732421875,297.06100562834644,295.65718853072406,295.96151167890895,3258100,VTI
2024-12-05 00:00:00.000000,296.089111328125,297.20825837414685,296.00076234432805,297.06101006781864,2183400,VTI
2024-12-06 00:00:00.000000,296.91375732421875,297.4046049772864,296.49160557376854,296.77630560105746,2332900,VTI
2024-12-09 00:00:00.000000,295.01904296875,297.11005862500815,294.8325184762882,296.9922599895504,2953900,VTI
2024-12-10 00:00:00.000000,293.9097595214844,295.4902745165035,293.5956098467977,295.4902745165035,2557100,VTI
2024-12-11 00:00:00.000000,296.275634765625,296.7566858431778,295.3528387706831,295.490290495402,2235300,VTI
2024-12-12 00:00:00.000000,294.5871276855469,296.03022104957864,294.5478814419694,295.96152514383584,2120000,VTI
2024-12-13 00:00:00.000000,294.4398498535156,295.7553178966175,293.6250559759907,295.4902709637035,2279200,VTI
2024-12-16 00:00:00.000000,295.6375427246094,296.2265659145753,294.93072088844303,295.06817261498617,2545400,VTI
2024-12-17 00:00:00.000000,294.1747741699219,294.6852448660387,293.5268517716052,294.46927073326646,3059900,VTI
2024-12-18 00:00:00.000000,285.07452392578125,295.02889908643994,284.6425755798234,294.27300446049577,3890900,VTI
2024-12-19 00:00:00.000000,284.6719970703125,288.3239045690383,284.5639950150289,287.6268793767419,4826200,VTI
2024-12-20 00:00:00.000000,287.91162109375,290.29713368731973,282.8362427752455,283.3270904673693,3837000,VTI
2024-12-23 00:00:00.000000,289.5474548339844,289.73457974324094,286.13986395110953,288.09971635759854,3704500,VTI
2024-12-24 00:00:00.000000,292.6202087402344,292.6694695396205,289.7936787722878,290.1088396889214,2642200,VTI
2024-12-26 00:00:00.000000,292.78759765625,293.2701670648213,291.0641011337592,291.9504647628185,4307800,VTI
2024-12-27 00:00:00.000000,289.61639404296875,291.44821040327633,287.56787826745773,290.8572912351329,3636800,VTI
2024-12-30 00:00:00.000000,286.4156188964844,288.0898548342979,284.40650571571024,286.4747078086779,4968500,VTI
2021-01-04 00:00:00.000000,74.39691162109375,74.42225301475588,74.32088744010736,74.37157022743162,7568400,BND
2021-01-05 00:00:00.000000,74.27018737792969,74.37155938270826,74.18571392973637,74.354660826123,6452700,BND
2021-01-06 00:00:00.000000,73.94073486328125,74.0083161983788,73.78023080365229,74.0083161983788,5933700,BND
2021-01-07 00:00:00.000000,73.78871154785156,73.84784363005019,73.77181942932921,73.79716082956953,6196100,BND
2021-01-08 00:00:00.000000,73.72108459472656,73.82245657791292,73.63661116452607,73.82245657791292,7688800,BND
2021-01-11 00:00:00.000000,73.64508056640625,73.70421262819688,73.57749922581371,73.70421262819688,5404300,BND
2021-01-12 00:00:00.000000,73.62818908691406,73.62818908691406,73.44234362114197,73.56905057970347,6078800,BND
2021-01-13 00:00:00.000000,73.82249450683594,73.92386654210576,73.6788889572217,73.72112247156612,7357100,BND
2021-01-14 00:00:00.000000,73.72954559326172,73.91539103619557,73.67041353822918,73.8309175925649,7191900,BND
2021-01-15 00:00:00.000000,73.78871154785156,73.85629291176816,73.72957946565293,73.78026226613359,4083600,BND
2021-01-19 00:00:00.000000,73.89009094238281,73.8985402249411,73.7464853634631,73.80561745154263,7636500,BND
2021-01-20 00:00:00.000000,73.8816146850586,73.91540535804026,73.83093189804202,73.84782401207691,5889500,BND
2021-01-21 00:00:00.000000,73.7802505493164,73.83093978666085,73.72111847650837,73.77180771385281,7890800,BND
2021-01-22 00:00:00.000000,73.81404876708984,73.84783944713416,73.75491668824058,73.839396610808,4439800,BND
2021-01-25 00:00:00.000000,73.98296356201172,73.9914063939323,73.87314229794558,73.90693296035748,5126900,BND
2021-01-26 00:00:00.000000,73.97452545166016,74.01676539727863,73.91539339474079,73.94918406225341,4608700,BND
2021-01-27 00:00:00.000000,73.97452545166016,74.08434028739302,73.9660761735543,74.02520823047365,4248500,BND
2021-01-28 00:00:00.000000,73.91539001464844,73.97452206886373,73.83936584990472,73.96607279114426,4359300,BND
2021-01-29 00:00:00.000000,73.85628509521484,73.89852505442067,73.73802094333402,73.73802094333402,6088400,BND
2021-02-01 00:00:00.000000,73.88082122802734,73.92312844906131,73.80467597637696,73.81313225644325,5774700,BND
2021-02-02 00:00:00.000000,73.7877197265625,73.81310146652505,73.75387525488811,73.7877197265625,4554500,BND
2021-02-03 00:00:00.000000,73.66080474853516,73.75387543207007,73.66080474853516,73.7369564237787,4271700,BND
2021-02-04 00:00:00.000000,73.67777252197266,73.70315427657184,73.55932003039204,73.65239076737348,4652200,BND
2021-02-05 00:00:00.000000,73.57621002197266,73.72004421140866,73.56774728871933,73.67774345549024,4401300,BND
2021-02-08 00:00:00.000000,73.66080474853516,73.71157468375516,73.55927778844104,73.58465952846456,5571500,BND
2021-02-09 00:00:00.000000,73.6269760131836,73.72850945015155,73.618519734817,73.66082049217292,4474000,BND
2021-02-10 00:00:00.000000,73.74542236328125,73.74542236328125,73.66927068472528,73.7115778900534,3735500,BND
2021-02-11 00:00:00.000000,73.66929626464844,73.77082971958708,73.62698904463012,73.74544796964629,4578200,BND
2021-02-12 00:00:00.000000,73.47469329833984,73.5846894901265,73.44931154798157,73.55084500459027,4825400,BND
2021-02-16 00:00:00.000000,73.12779998779297,73.26317147729776,73.11088097229575,73.24625246180055,6702200,BND
2021-02-17 00:00:00.000000,73.28008270263672,73.28854543632805,73.17854926386401,73.25470095673715,5217000,BND
2021-02-18 00:00:00.000000,73.23776245117188,73.2716069247376,73.1193100212785,73.17007995921372,4607000,BND
2021-02-19 00:00:00.000000,72.98396301269531,73.14471624697612,72.93319305776545,73.12779723211646,4011100,BND
2021-02-22 00:00:00.000000,72.7808609008789,73.0093094496293,72.76394189420259,72.92470150590307,4809400,BND
2021-02-23 00:00:00.000000,72.76395416259766,72.80626136918016,72.61165725614342,72.65396446272592,6475900,BND
2021-02-24 00:00:00.000000,72.7216567993164,72.75550127812878,72.44245114566937,72.49321463630078,5164600,BND
2021-02-25 00:00:00.000000,72.08706665039062,72.4762748174087,71.85016182189088,72.42550488617844,9956100,BND
2021-02-26 00:00:00.000000,72.7132339477539,72.7132339477539,72.17173494817388,72.40017721620593,8580200,BND
2021-03-01 00:00:00.000000,72.61911010742188,72.66148090381175,72.47505974349764,72.54285043177111,7152000,BND
2021-03-02 00:00:00.000000,72.61065673828125,72.62760118155636,72.53439058135011,72.57676138685378,5338800,BND
2021-03-03 00:00:00.000000,72.38185119628906,72.46658632657288,72.30559151849644,72.424221993869,6022500,BND
2021-03-04 00:00:00.000000,72.1530990600586,72.43273093767932,72.06836389059508,72.40730456844915,9701800,BND
2021-03-05 00:00:00.000000,72.11072540283203,72.13614530618203,71.95819951785327,72.02599023670578,6871000,BND
2021-03-08 00:00:00.000000,71.78024291992188,72.02597939009696,71.78024291992188,71.99208403577511,5806700,BND
2021-03-09 00:00:00.000000,72.01750183105469,72.08529253771765,71.96666203349628,71.96666203349628,7671800,BND
2021-03-10 00:00:00.000000,72.1530990600586,72.2039388687609,72.05988843418501,72.08530833853617,5286700,BND
2021-03-11 00:00:00.000000,72.16156005859375,72.22087531182206,72.05987399668335,72.14460914916981,5510000,BND
2021-03-12 00:00:00.000000,71.7293930053711,71.8141281467872,71.67007775989212,71.80565269318252,5717100,BND
2021-03-15 00:00:00.000000,71.81414031982422,71.8565111301529,71.7378806190862,71.7378806190862,5012200,BND
2021-03-16 00:00:00.000000,71.8056869506836,71.89889759017389,71.73790268413791,71.85653323169284,6159100,BND
2021-03-17 00:00:00.000000,71.78024291992188,71.8565090833655,71.55145735934663,71.68703231175624,7370600,BND
2021-03-18 00:00:00.000000,71.483642578125,71.57685315490139,71.365012110387,71.43280279620174,4905200,BND
2021-03-19 00:00:00.000000,71.54298400878906,71.91582645241778,71.43282895266148,71.85651119682939,4969200,BND
2021-03-22 00:00:00.000000,71.7463607788086,71.7802561393728,71.64468116199495,71.71246541824438,4748300,BND
2021-03-23 00:00:00.000000,71.9073486328125,71.92429307747571,71.7548227713325,71.915824087583,5148600,BND
2021-03-24 00:00:00.000000,72.01750183105469,72.02597728560696,71.80566072139113,71.82261163049569,5148200,BND
2021-03-25 00:00:00.000000,71.96669006347656,72.07684515604947,71.88195487958355,72.05142524736958,3876300,BND
2021-03-26 00:00:00.000000,71.8395767211914,71.95820725950682,71.79721236600989,71.8226322720947,3376200,BND
2021-03-29 00:00:00.000000,71.7463607788086,71.88194222106543,71.67010106619837,71.85652231686203,3775500,BND
2021-03-30 00:00:00.000000,71.8226318359375,71.83110082799469,71.61079066667791,71.6616304785388,4769200,BND
2021-03-31 00:00:00.000000,71.78873443603516,71.89888951356785,71.71246825552848,71.82262979794042,6949300,BND
2021-04-01 00:00:00.000000,72.01972198486328,72.0536878486002,71.90931024925148,72.00273257343288,4780200,BND
2021-04-05 00:00:00.000000,71.90931701660156,71.94328936309755,71.80740645667615,71.8668564431535,8200600,BND
2021-04-06 00:00:00.000000,72.16410064697266,72.18108357909122,71.9857507016985,72.00273363381707,5400600,BND
2021-04-07 00:00:00.000000,72.07916259765625,72.206550769018,72.06217318843395,72.1046402319286,5480200,BND
2021-04-08 00:00:00.000000,72.24050903320312,72.24900373615924,72.14708673936534,72.16407614527758,3872300,BND
2021-04-09 00:00:00.000000,72.14714050292969,72.2490575756715,72.06221284876051,72.16412992150232,9748500,BND
2021-04-12 00:00:00.000000,72.13014221191406,72.13014221191406,72.06219751121404,72.13014221191406,3995700,BND
2021-04-13 00:00:00.000000,72.31698608398438,72.31698608398438,72.09616904897973,72.09616904897973,4097500,BND
2021-04-14 00:00:00.000000,72.26602935791016,72.30000171024595,72.19809113280225,72.24055171354924,4592300,BND
2021-04-15 00:00:00.000000,72.57176208496094,72.66518441859156,72.41888976443471,72.46985152431853,5395000,BND
2021-04-16 00:00:00.000000,72.37641906738281,72.45285197717395,72.24052969944967,72.37641906738281,6199700,BND
2021-04-19 00:00:00.000000,72.33396911621094,72.3509585309989,72.24054677356686,72.28301383097352,6165300,BND
2021-04-20 00:00:00.000000,72.452880859375,72.49534792367336,72.30850320806341,72.31699791683594,6383700,BND
2021-04-21 00:00:00.000000,72.52928161621094,72.52928161621094,72.39339226654577,72.42736460396206,4508300,BND
2021-04-22 00:00:00.000000,72.56327819824219,72.5802611328442,72.43588351025659,72.53780055655767,4007800,BND
2021-04-23 00:00:00.000000,72.57176208496094,72.61422913827035,72.48683445790472,72.59724620468415,6435700,BND
2021-04-26 00:00:00.000000,72.52082824707031,72.60575589923732,72.50384530846272,72.58027825154367,3797400,BND
2021-04-27 00:00:00.000000,72.33396911621094,72.50383086627436,72.3169861809862,72.50383086627436,4450300,BND
2021-04-28 00:00:00.000000,72.36792755126953,72.38491696279075,72.21505524538846,72.35943284550892,5479200,BND
2021-04-29 00:00:00.000000,72.30846405029297,72.30846405029297,72.14709706882266,72.24051937603592,6247600,BND
2021-04-30 00:00:00.000000,72.41039276123047,72.41039276123047,72.28299809630516,72.37642041861292,6867600,BND
2021-05-03 00:00:00.000000,72.42826080322266,72.56435280765356,72.39423617973158,72.4027439579877,4601200,BND
2021-05-04 00:00:00.000000,72.5218276977539,72.63240285817315,72.47929529553619,72.50481214105343,5520300,BND
2021-05-05 00:00:00.000000,72.56434631347656,72.58986315642788,72.44526338668187,72.4792880071279,5950300,BND
2021-05-06 00:00:00.000000,72.59838104248047,72.64091344634339,72.50481494560901,72.51332272428833,4143600,BND
2021-05-07 00:00:00.000000,72.60692596435547,72.811067330355,72.55589224523983,72.70899989212374,4886300,BND
2021-05-10 00:00:00.000000,72.436767578125,72.63240104857213,72.41975202184847,72.61539198182888,6211800,BND
2021-05-11 00:00:00.000000,72.29218292236328,72.33471533623799,72.24965699802381,72.31769977487401,6630800,BND
2021-05-12 00:00:00.000000,72.0369873046875,72.17307930899997,72.01147045947474,72.17307930899997,7011700,BND
2021-05-13 00:00:00.000000,72.18160247802734,72.21562710874363,72.02849488457139,72.02849488457139,6991000,BND
2021-05-14 00:00:00.000000,72.35169219970703,72.35169219970703,72.23260928131154,72.28364945314699,6262100,BND
2021-05-17 00:00:00.000000,72.28367614746094,72.33470984861076,72.2581528073513,72.33470984861076,4753000,BND
2021-05-18 00:00:00.000000,72.20709991455078,72.24112453611897,72.17307529298259,72.22411547010138,4631000,BND
2021-05-19 00:00:00.000000,72.13056182861328,72.3006784762732,72.04549701524918,72.22412793168648,6511300,BND
2021-05-20 00:00:00.000000,72.36873626708984,72.37723755780168,72.20712089007638,72.20712089007638,5283900,BND
2021-05-21 00:00:00.000000,72.38572692871094,72.42825932959276,72.32618546119635,72.40274248487697,5050800,BND
2021-05-24 00:00:00.000000,72.47078704833984,72.50481167198721,72.4197533576355,72.42826113593068,6954500,BND
2021-05-25 00:00:00.000000,72.65790557861328,72.65790557861328,72.50479804574121,72.51330582243749,5235500,BND
2021-05-26 00:00:00.000000,72.63240051269531,72.69194198015731,72.5728590452333,72.61539144607755,4834400,BND
2021-05-27 00:00:00.000000,72.53034973144531,72.5898912178599,72.47080824503072,72.572882145828,5215200,BND
2021-05-28 00:00:00.000000,72.5218276977539,72.63240285817315,72.51331991940367,72.5303289865707,5258500,BND
2021-06-01 00:00:00.000000,72.5167465209961,72.53378236979458,72.39747608015206,72.47414714937256,5398000,BND
2021-06-02 00:00:00.000000,72.59339904785156,72.6104413920485,72.49116448191955,72.5082068261165,5479900,BND
2021-06-03 00:00:00.000000,72.45706176757812,72.5252116159351,72.44001943067856,72.5252116159351,4829000,BND
2021-06-04 00:00:00.000000,72.74676513671875,72.74676513671875,72.53378128130038,72.55082362959466,19321400,BND
2021-06-07 00:00:00.000000,72.69561004638672,72.72116705464684,72.66153186879062,72.69561004638672,10706500,BND
2021-06-08 00:00:00.000000,72.8319091796875,72.84895151670338,72.7893163366421,72.8319091796875,5099600,BND
2021-06-09 00:00:00.000000,72.97676086425781,73.0449107297202,72.9256403404751,73.0023178762748,4810300,BND
2021-06-10 00:00:00.000000,73.13011169433594,73.14715403755405,72.8489780287321,72.87453504380977,7400300,BND
2021-06-11 00:00:00.000000,73.11309051513672,73.13864753534035,73.04493412809317,73.11309051513672,4194500,BND
2021-06-14 00:00:00.000000,72.9256591796875,73.06197194532403,72.90862333385815,73.06197194532403,4438400,BND
2021-06-15 00:00:00.000000,72.9256591796875,72.95121619830675,72.85750279686924,72.89158098827836,6173600,BND
2021-06-16 00:00:00.000000,72.7212142944336,73.03643276715297,72.63602204497624,72.9938333925483,7302400,BND
2021-06-17 00:00:00.000000,72.96824645996094,73.15567323179711,72.82341904526912,72.84045488827725,6467500,BND
2021-06-18 00:00:00.000000,73.1982421875,73.25787736817958,72.9511802961854,73.02785781405755,5842800,BND
2021-06-21 00:00:00.000000,72.94265747070312,73.05340665108174,72.92561513541628,73.02784964789795,7907000,BND
2021-06-22 00:00:00.000000,73.04493713378906,73.05345830745784,72.84899563766464,72.85751031158235,4082900,BND
2021-06-23 00:00:00.000000,72.99382019042969,73.06197657756918,72.95122082352981,73.00234136375984,5739900,BND
2021-06-24 00:00:00.000000,73.02790069580078,73.07901473789808,73.00234367475214,73.03642186940068,4852100,BND
2021-06-25 00:00:00.000000,72.89156341552734,73.05343316075944,72.79785003668232,73.04491199002385,6018500,BND
2021-06-28 00:00:00.000000,73.08751678466797,73.13010964201892,72.9852822274769,73.00232457021674,5664100,BND
2021-06-29 00:00:00.000000,73.12159729003906,73.12159729003906,72.97676987090267,72.97676987090267,10672700,BND
2021-06-30 00:00:00.000000,73.17271423339844,73.24939178171407,73.15567838918929,73.1812354053779,4846600,BND
2021-07-01 00:00:00.000000,73.16588592529297,73.19148227822514,73.06349400381026,73.14882385992289,5768000,BND
2021-07-02 00:00:00.000000,73.29388427734375,73.29388427734375,73.15736169659546,73.17443027406647,4315700,BND
2021-07-06 00:00:00.000000,73.55838775634766,73.60958046863557,73.37920675358507,73.37920675358507,5711600,BND
2021-07-07 00:00:00.000000,73.71195983886719,73.75462476500486,73.57544379278342,73.63517078352389,5933900,BND
2021-07-08 00:00:00.000000,73.78024291992188,73.86556628765776,73.70344733213061,73.75464656057667,6991200,BND
2021-07-09 00:00:00.000000,73.54985809326172,73.6095850979388,73.54985809326172,73.6095850979388,10304900,BND
2021-07-12 00:00:00.000000,73.52423095703125,73.62662285493842,73.48157254855101,73.60102650789976,9073900,BND
2021-07-13 00:00:00.000000,73.29388427734375,73.57545721782091,73.26828792089218,73.51573021618226,8583600,BND
2021-07-14 00:00:00.000000,73.5412826538086,73.55834471133521,73.43035649575693,73.44742506303459,5036200,BND
2021-07-15 00:00:00.000000,73.720458984375,73.7289932674851,73.53274381445686,73.6692597954651,3423000,BND
2021-07-16 00:00:00.000000,73.65223693847656,73.69490186698367,73.54131723801385,73.54984501591197,5725100,BND
2021-07-19 00:00:00.000000,74.07032012939453,74.1385814057891,73.95940043756858,73.98499678877813,6493300,BND
2021-07-20 00:00:00.000000,73.99354553222656,74.30071482626157,73.95088059870591,74.27511847005113,6762200,BND
2021-07-21 00:00:00.000000,73.75463104248047,73.83995439226416,73.68636975875178,73.79728946249516,6293000,BND
2021-07-22 00:00:00.000000,73.91674041748047,73.97646741085077,73.76315579027768,73.76315579027768,4894900,BND
2021-07-23 00:00:00.000000,73.83141326904297,73.85700962063294,73.72049357556854,73.7290278626831,8887500,BND
2021-07-26 00:00:00.000000,73.78876495361328,73.91674672908202,73.76316208876494,73.91674672908202,5427900,BND
2021-07-27 00:00:00.000000,73.97647094726562,73.9935395231897,73.89114759690834,73.95940888109591,4344100,BND
2021-07-28 00:00:00.000000,74.04470825195312,74.04470825195312,73.80580034442171,73.8825893819487,6636700,BND
2021-07-29 00:00:00.000000,73.91674041748047,73.96793963305076,73.87408199921828,73.89114406457234,5201000,BND
2021-07-30 00:00:00.000000,74.02767181396484,74.04473388051456,73.95087624010492,73.97647259480672,7557200,BND
2021-08-02 00:00:00.000000,74.20374298095703,74.2977480120079,74.03282177905672,74.07555370952609,4660800,BND
2021-08-03 00:00:00.000000,74.22077941894531,74.29769553546882,74.1865952027096,74.21223173489324,5297700,BND
2021-08-04 00:00:00.000000,74.22077941894531,74.39170050012389,74.04131717368725,74.35751628388817,3916900,BND
2021-08-05 00:00:00.000000,74.04987335205078,74.16951486261365,74.02423681692636,74.15241949254849,4613800,BND
2021-08-06 00:00:00.000000,73.69950103759766,73.83623793873113,73.68241218494313,73.7678694881644,4329800,BND
2021-08-09 00:00:00.000000,73.5627670288086,73.81059775991092,73.5627670288086,73.76786585042038,4541300,BND
2021-08-10 00:00:00.000000,73.45169067382812,73.596975301586,73.45169067382812,73.596975301586,4312300,BND
2021-08-11 00:00:00.000000,73.5029296875,73.61402349915245,73.37474050791793,73.46874547161329,6494000,BND
2021-08-12 00:00:00.000000,73.51152038574219,73.53716345491567,73.40897418895587,73.47734266679802,4946500,BND
2021-08-13 00:00:00.000000,73.80205535888672,73.80205535888672,73.58840883608309,73.60549768911862,4329600,BND
2021-08-16 00:00:00.000000,73.87042236328125,74.00715274480925,73.84478582424315,73.89605890231935,3918900,BND
2021-08-17 00:00:00.000000,73.79351806640625,73.89607075898763,73.77642921096371,73.81061344182417,7168400,BND
2021-08-18 00:00:00.000000,73.77642059326172,73.86187790044306,73.69950445281629,73.77642059326172,4561900,BND
2021-08-19 00:00:00.000000,73.93878173828125,73.93878173828125,73.84478327171547,73.91314520012929,5345600,BND
2021-08-20 00:00:00.000000,73.92166137695312,73.98148211380037,73.89602484972879,73.95584558657602,3581200,BND
2021-08-23 00:00:00.000000,73.93878173828125,73.94732942432326,73.86187212382539,73.90460403406138,4005500,BND
2021-08-24 00:00:00.000000,73.79351806640625,73.90461844669659,73.79351806640625,73.87897538356972,5164800,BND
2021-08-25 00:00:00.000000,73.67387390136719,73.83624736219276,73.61405312948015,73.82769967478744,3904900,BND
2021-08-26 00:00:00.000000,73.68240356445312,73.70804010042272,73.58839858591557,73.69949241510834,4810900,BND
2021-08-27 00:00:00.000000,73.89606475830078,73.89606475830078,73.63968630765406,73.69950707680832,4780900,BND
2021-08-30 00:00:00.000000,73.98152923583984,73.98152923583984,73.82770345454416,73.84479883023006,4119000,BND
2021-08-31 00:00:00.000000,73.88750457763672,74.01569378128454,73.82768381859756,73.97296187341068,4974900,BND
2021-09-01 00:00:00.000000,73.90037536621094,73.96029623437849,73.82334544457794,73.96029623437849,4792400,BND
2021-09-02 00:00:00.000000,74.0030517578125,74.0030517578125,73.90033871640114,73.96025955485182,4885100,BND
2021-09-03 00:00:00.000000,73.8489990234375,73.86612113190219,73.78908470415317,73.83188344514384,4059700,BND
2021-09-07 00:00:00.000000,73.63499450683594,73.69490880669645,73.57508020697543,73.67779323395155,4839700,BND
2021-09-08 00:00:00.000000,73.75484466552734,73.82332003686051,73.6863692941942,73.72060697986076,4864600,BND
2021-09-09 00:00:00.000000,74.02018737792969,74.04586401042818,73.77196904682593,73.83188336604609,5504600,BND
2021-09-10 00:00:00.000000,73.8404312133789,73.9345832108074,73.70348700904593,73.90034552718154,3711400,BND
2021-09-13 00:00:00.000000,73.95172119140625,73.9688367718078,73.89180686474303,73.90036138985789,4047300,BND
2021-09-14 00:00:00.000000,74.13142395019531,74.19133824435107,73.98591874012682,74.0115953618838,4758300,BND
2021-09-15 00:00:00.000000,74.06295776367188,74.12287206523635,73.97736683717537,74.11431101353597,6204400,BND
2021-09-16 00:00:00.000000,73.926025390625,74.00305527772002,73.86611107949439,73.90890328449045,4604000,BND
2021-09-17 00:00:00.000000,73.83185577392578,73.84897134580473,73.76338042607277,73.823294722902,6217800,BND
2021-09-20 00:00:00.000000,74.03726959228516,74.06294621321281,73.93455657840644,73.94311762877169,6195100,BND
2021-09-21 00:00:00.000000,74.02018737792969,74.05441853448032,73.98594969120803,74.04586401042818,6962300,BND
2021-09-22 00:00:00.000000,74.09722900390625,74.12290564046897,73.95172370993618,74.02019909421811,6006200,BND
2021-09-23 00:00:00.000000,73.7034912109375,73.92603290210762,73.66925352535972,73.90891079423332,5222300,BND
2021-09-24 00:00:00.000000,73.54942321777344,73.63501416468539,73.50662447923213,73.61789858737127,4170600,BND
2021-09-27 00:00:00.000000,73.46379852294922,73.54082838073268,73.41243875425924,73.43812190368807,4858500,BND
2021-09-28 00:00:00.000000,73.14714813232422,73.29265341408505,73.08723380864791,73.24130014526864,6253700,BND
2021-09-29 00:00:00.000000,73.15567016601562,73.32685199087642,73.07863377371064,73.24982212873947,5123500,BND
2021-09-30 00:00:00.000000,73.13853454589844,73.18133325928639,73.0786202652554,73.1299800273543,5877700,BND
2021-10-01 00:00:00.000000,73.38716125488281,73.42145109972827,73.23286022313786,73.25857597174216,6029900,BND
2021-10-04 00:00:00.000000,73.33573913574219,73.39574473686537,73.24144368538862,73.3014492865118,7280000,BND
2021-10-05 00:00:00.000000,73.15570068359375,73.3100017032031,73.12998493701197,73.29286005218813,4395400,BND
2021-10-06 00:00:00.000000,73.19001770019531,73.21573999644609,73.13001208918567,73.17287604281589,7177800,BND
2021-10-07 00:00:00.000000,72.98429870605469,73.078594189509,72.96715704548222,73.06145252893654,5363500,BND
2021-10-08 00:00:00.000000,72.80426788330078,72.9328532033732,72.76140392990295,72.9328532033732,4547100,BND
2021-10-11 00:00:00.000000,72.69282531738281,72.76139848151509,72.67567712125933,72.71854107144749,3286600,BND
2021-10-12 00:00:00.000000,72.95856475830078,72.9842805128103,72.76997383840339,72.76997383840339,5529600,BND
2021-10-13 00:00:00.000000,73.15570068359375,73.17284887472738,73.035689506133,73.035689506133,5018100,BND
2021-10-14 00:00:00.000000,73.2843017578125,73.29287585522802,73.14714889976457,73.19858040401753,4336400,BND
2021-10-15 00:00:00.000000,73.1042709350586,73.15570242944956,73.06998109209167,73.15570242944956,5801200,BND
2021-10-18 00:00:00.000000,73.0614242553711,73.11285575730764,72.91569076635123,73.00141865640519,5863600,BND
2021-10-19 00:00:00.000000,72.85565948486328,72.98424473449654,72.84709193097387,72.98424473449654,3865900,BND
2021-10-20 00:00:00.000000,72.76993560791016,72.91566250031866,72.76993560791016,72.82994118361468,5332400,BND
2021-10-21 00:00:00.000000,72.6671142578125,72.76998383009578,72.64139849977208,72.7528421714427,6073300,BND
2021-10-22 00:00:00.000000,72.82138061523438,72.84710290112857,72.68422779105765,72.75280747320525,6076100,BND
2021-10-25 00:00:00.000000,72.85565948486328,72.91566506267648,72.78708635316069,72.79565390705008,4652500,BND
2021-10-26 00:00:00.000000,73.00141906738281,73.00141906738281,72.81282817239403,72.92426527392385,5752800,BND
2021-10-27 00:00:00.000000,73.26715087890625,73.37001387446192,73.03569605866748,73.12999149800635,7618400,BND
2021-10-28 00:00:00.000000,73.17286682128906,73.30145212585379,73.12143531551128,73.22429832706685,6225800,BND
2021-10-29 00:00:00.000000,73.19001770019531,73.24145575257579,72.97571101228644,73.00143330853722,8975200,BND
2021-11-01 00:00:00.000000,73.13333892822266,73.14192650296236,72.96162673583004,72.99596393398835,5201400,BND
2021-11-02 00:00:00.000000,73.27071380615234,73.31364513322055,73.1591015263362,73.16768910183,4199400,BND
2021-11-03 00:00:00.000000,73.14192962646484,73.33081697640326,73.0388983763892,73.31364182619039,5058700,BND
2021-11-04 00:00:00.000000,73.4767837524414,73.4767837524414,73.18486510971339,73.19345268607637,5564100,BND
2021-11-05 00:00:00.000000,73.70003509521484,73.75155402169783,73.46822285245499,73.5197352285341,4595900,BND
2021-11-08 00:00:00.000000,73.53688049316406,73.6055680002825,73.49394916361473,73.59698042429238,6517200,BND
2021-11-09 00:00:00.000000,73.74295043945312,73.86315032448937,73.72578183462043,73.7687066219034,6027800,BND
2021-11-10 00:00:00.000000,73.24492645263672,73.63986960202948,73.15048281360824,73.62270100875068,6206400,BND
2021-11-11 00:00:00.000000,73.12477111816406,73.27931475324868,73.10760251444445,73.25355857246825,3847100,BND
2021-11-12 00:00:00.000000,73.13333892822266,73.28788252153612,73.07323900584521,73.22778259915867,4890900,BND
2021-11-15 00:00:00.000000,72.83283996582031,73.08182723229014,72.82425239100402,73.06465208265756,6239500,BND
2021-11-16 00:00:00.000000,72.78133392333984,72.93587754532986,72.75557774474174,72.8328528309375,5580700,BND
2021-11-17 00:00:00.000000,72.93588256835938,72.95305772220858,72.72982657498227,72.74700172883149,6589200,BND
2021-11-18 00:00:00.000000,73.02171325683594,73.04746942592789,72.89292586097716,72.91009445690543,5320700,BND
2021-11-19 00:00:00.000000,73.17627716064453,73.26213326494717,73.1419334088433,73.1934457613447,5498200,BND
2021-11-22 00:00:00.000000,72.81568145751953,73.03032502417926,72.76416909764978,72.98740024108841,7497100,BND
2021-11-23 00:00:00.000000,72.52376556396484,72.72982154308572,72.52376556396484,72.71265294082626,5779500,BND
2021-11-24 00:00:00.000000,72.69546508789062,72.71264023755097,72.48940914476879,72.53234046851932,4757400,BND
2021-11-26 00:00:00.000000,73.21061706542969,73.25354839436673,73.01314867328198,73.0560734518179,4402500,BND
2021-11-29 00:00:00.000000,73.2020492553711,73.22780543722273,72.9530619134682,72.97023051790185,6133000,BND
2021-11-30 00:00:00.000000,73.33938598632812,73.57978564672077,73.18484241173293,73.39948590142627,11234800,BND
2021-12-01 00:00:00.000000,73.38667297363281,73.40387530623374,73.1458928033605,73.23189134482996,7737300,BND
2021-12-02 00:00:00.000000,73.39530181884766,73.48129383197895,73.2577159099916,73.45549688411656,8831600,BND
2021-12-03 00:00:00.000000,73.6790771484375,73.80806844113417,73.30930560845088,73.31790677750259,7440900,BND
2021-12-06 00:00:00.000000,73.48127746582031,73.70486189877974,73.44688591684373,73.68766612429144,6865000,BND
2021-12-07 00:00:00.000000,73.3178939819336,73.4812768007838,73.30929281438299,73.36948786570014,5351200,BND
2021-12-08 00:00:00.000000,73.09429931640625,73.26628327872604,73.05130004544249,73.2490875068011,9064200,BND
2021-12-09 00:00:00.000000,73.12871551513672,73.24910563070202,73.06852045735407,73.16311362826526,8096700,BND
2021-12-10 00:00:00.000000,73.1545181274414,73.32650214563938,73.1373223499295,73.23191552816932,6869100,BND
2021-12-13 00:00:00.000000,73.40389251708984,73.46408757377172,73.29210357204323,73.30929934790842,4955300,BND
2021-12-14 00:00:00.000000,73.28347778320312,73.3522739850892,73.16308771028594,73.30927471871867,5165800,BND
2021-12-15 00:00:00.000000,73.18892669677734,73.27491871815853,73.06853655468954,73.12873162573344,6036000,BND
2021-12-16 00:00:00.000000,73.28347778320312,73.36946975517726,73.22328274674453,73.22328274674453,6067700,BND
2021-12-17 00:00:00.000000,73.41248321533203,73.50707637102259,73.3694839406479,73.38667971406063,4884200,BND
2021-12-20 00:00:00.000000,73.29208374023438,73.46406769542644,73.26628024226495,73.42106842624474,7129100,BND
2021-12-21 00:00:00.000000,73.21470642089844,73.25770570185736,73.05131702617754,73.25770570185736,6237800,BND
2021-12-22 00:00:00.000000,73.29208374023438,73.29208374023438,73.17168709867912,73.28348257424457,5110000,BND
2021-12-23 00:00:00.000000,73.1807861328125,73.2670523922762,73.10314189210958,73.2670523922762,4631200,BND
2021-12-27 00:00:00.000000,73.21531677246094,73.26707522793232,73.16355173529378,73.18943096302948,5311700,BND
2021-12-28 00:00:00.000000,73.20674896240234,73.34477381884463,73.16361249255719,73.33615179023658,5674800,BND
2021-12-29 00:00:00.000000,72.96517181396484,73.08594598396253,72.9134067541811,73.04280953109252,7757900,BND
2021-12-30 00:00:00.000000,73.12904357910156,73.14630078531243,72.94788240406183,73.06003449934528,6352100,BND
2021-12-31 00:00:00.000000,73.1117935180664,73.24982484203426,73.09454289341832,73.13767274588643,7162600,BND
2022-01-03 00:00:00.000000,72.62008666992188,72.8443843368139,72.61145806458441,72.8443843368139,7244300,BND
2022-01-04 00:00:00.000000,72.61145782470703,72.62008643001599,72.4648044429418,72.55107075093915,7384500,BND
2022-01-05 00:00:00.000000,72.36125946044922,72.64594411592468,72.34400883664561,72.64594411592468,7076500,BND
2022-01-06 00:00:00.000000,72.28363800048828,72.30951723284845,72.18874309403635,72.2491301634424,6011000,BND
2022-01-07 00:00:00.000000,72.0852279663086,72.22325933054495,71.98171102482904,72.21463072485575,6345100,BND
2022-01-10 00:00:00.000000,72.02481842041016,72.05069764770654,71.86953647493618,71.9299235325263,5912300,BND
2022-01-11 00:00:00.000000,72.17149353027344,72.1887441582022,71.95582448183015,72.0075829473135,6755600,BND
2022-01-12 00:00:00.000000,72.14559936523438,72.283630699476,72.13697734311648,72.23187223998353,6672700,BND
2022-01-13 00:00:00.000000,72.2663803100586,72.28363751931512,72.09384770767467,72.162863381307,5746300,BND
2022-01-14 00:00:00.000000,71.8695297241211,72.11970653397942,71.86090770362928,72.11107793179258,6843000,BND
2022-01-18 00:00:00.000000,71.42095184326172,71.67112869062657,71.42095184326172,71.62799225492036,7453100,BND
2022-01-19 00:00:00.000000,71.59347534179688,71.70562742772931,71.55034549325724,71.57622471872006,8644100,BND
2022-01-20 00:00:00.000000,71.671142578125,71.72290104564473,71.62800613406036,71.69702181188487,4951300,BND
2022-01-21 00:00:00.000000,71.93854522705078,72.01618948317919,71.84365034827997,71.90403740007093,5204500,BND
2022-01-24 00:00:00.000000,71.82642364501953,72.03346409415146,71.81779503997734,71.99032765063775,10332200,BND
2022-01-25 00:00:00.000000,71.73152923583984,71.94719829152083,71.72290063073737,71.8609319855879,5872700,BND
2022-01-26 00:00:00.000000,71.33470916748047,71.8264344215056,71.33470916748047,71.79192657785669,7382500,BND
2022-01-27 00:00:00.000000,71.56761932373047,71.6797648643334,71.50723225083699,71.515860856021,6295600,BND
2022-01-28 00:00:00.000000,71.65386199951172,71.67111920418844,71.40368518526044,71.41231378759879,5992500,BND
2022-01-31 00:00:00.000000,71.60211181640625,71.67112747969173,71.48996629983927,71.51584552814735,8033400,BND
2022-02-01 00:00:00.000000,71.57359313964844,71.64272290398208,71.45261934835317,71.62543716661007,5013300,BND
2022-02-02 00:00:00.000000,71.67731475830078,71.84149637733108,71.64275645252835,71.67731475830078,7248800,BND
2022-02-03 00:00:00.000000,71.3748550415039,71.4439848139018,71.29708899198972,71.38349791119813,6156500,BND
2022-02-04 00:00:00.000000,70.93417358398438,71.04651113223117,70.86505039188533,71.02922538977208,7746000,BND
2022-02-07 00:00:00.000000,70.99465942382812,71.04650346044893,70.87367901741554,70.93416592433263,6252200,BND
2022-02-08 00:00:00.000000,70.76134490966797,70.86503957085112,70.76134490966797,70.83911755369986,6727000,BND
2022-02-09 00:00:00.000000,70.81320190429688,70.97738349974108,70.80456562538458,70.88233169107122,5862000,BND
2022-02-10 00:00:00.000000,70.16513061523438,70.588545648759,70.16513061523438,70.53669500822913,8869700,BND
2022-02-11 00:00:00.000000,70.62310028076172,70.67494432117687,70.12191924815228,70.38114604280693,11100900,BND
2022-02-14 00:00:00.000000,70.22560119628906,70.38978276670451,70.14783514245752,70.3206529904687,6301600,BND
2022-02-15 00:00:00.000000,70.0787124633789,70.23425117937234,70.06143331385918,70.1391993755664,6731200,BND
2022-02-16 00:00:00.000000,70.17373657226562,70.21694431788094,69.95771102934181,70.19965858260426,7142400,BND
2022-02-17 00:00:00.000000,70.32933807373047,70.41574704960047,70.20836418899601,70.25157197322216,6833600,BND
2022-02-18 00:00:00.000000,70.45028686523438,70.46757260980084,70.34659876815527,70.4243648409646,4744400,BND
2022-02-22 00:00:00.000000,70.40706634521484,70.40706634521484,70.25152764974925,70.32929370119298,7058800,BND
2022-02-23 00:00:00.000000,70.05277252197266,70.26879809489012,70.05277252197266,70.25151894979074,7938900,BND
2022-02-24 00:00:00.000000,70.2083511352539,70.40709767612628,70.1219421754498,70.32932499749586,8883500,BND
2022-02-25 00:00:00.000000,70.26880645751953,70.27744932738646,70.11326776280534,70.16511179685071,5923200,BND
2022-02-28 00:00:00.000000,70.78726196289062,70.81318397822412,70.54531436300785,70.56260010161529,6494400,BND
2022-03-01 00:00:00.000000,71.15858459472656,71.39225740767581,70.99414401336827,71.00280051843416,9319000,BND
2022-03-02 00:00:00.000000,70.28443145751953,70.89026108824865,70.28443145751953,70.84698518499093,6491500,BND
2022-03-03 00:00:00.000000,70.59599304199219,70.64791883879086,70.4055896497635,70.50944784633602,10349100,BND
2022-03-04 00:00:00.000000,70.84700012207031,70.98547115633325,70.76910480037847,70.87296302830855,8042600,BND
2022-03-07 00:00:00.000000,70.50078582763672,70.73446510089052,70.43154703534117,70.56136812015166,6425400,BND
2022-03-08 00:00:00.000000,70.17193603515625,70.2152053432581,70.07673431316441,70.14597312969974,8565900,BND
2022-03-09 00:00:00.000000,69.98149871826172,70.1026632870632,69.920916433861,70.01611810977268,5761500,BND
2022-03-10 00:00:00.000000,69.60934448242188,69.76512843371344,69.4881799206366,69.73916554232709,8261200,BND
2022-03-11 00:00:00.000000,69.55743408203125,69.66128567054311,69.52281468486902,69.58339697915922,7883400,BND
2022-03-14 00:00:00.000000,68.91698455810547,69.18528323310767,68.89967816115765,69.17662673314636,15449700,BND
2022-03-15 00:00:00.000000,69.02950286865234,69.24586915820795,68.94295767342514,69.18528686125138,6265000,BND
2022-03-16 00:00:00.000000,69.13338470458984,69.13338470458984,68.68334553075066,69.03818296730074,8156400,BND
2022-03-17 00:00:00.000000,69.19393157958984,69.3756850598306,69.14200578693514,69.25451387201188,6774600,BND
2022-03-18 00:00:00.000000,69.39299011230469,69.43626600732848,69.27182552980747,69.29778842563195,8895700,BND
2022-03-21 00:00:00.000000,68.68331146240234,69.09008111942086,68.64869206574389,69.0641182226707,6831300,BND
2022-03-22 00:00:00.000000,68.51021575927734,68.58810444347637,68.41501407660681,68.50155926004159,6488400,BND
2022-03-23 00:00:00.000000,68.82179260253906,68.82179260253906,68.49291819021165,68.65735869786323,8919400,BND
2022-03-24 00:00:00.000000,68.7352523803711,68.75256538399725,68.46696025095159,68.48426665160153,18907400,BND
2022-03-25 00:00:00.000000,68.12940216064453,68.45827646573339,68.03420048757104,68.45827646573339,21372500,BND
2022-03-28 00:00:00.000000,68.32848358154297,68.40637889298863,68.1640496626711,68.20731896638421,7494000,BND
2022-03-29 00:00:00.000000,68.63140106201172,68.65736396458502,68.36310232847647,68.44099763917258,7308100,BND
2022-03-30 00:00:00.000000,68.78719329833984,68.81315620401489,68.44100581572617,68.44965571563317,7071800,BND
2022-03-31 00:00:00.000000,68.83910369873047,68.95161179912756,68.75255849819611,68.82179069683826,8244200,BND
2022-04-01 00:00:00.000000,68.68989562988281,68.80269115897592,68.34284417478763,68.39490619569825,6326900,BND
2022-04-04 00:00:00.000000,68.74192810058594,68.75059958413014,68.50766565583069,68.72457189459135,9091700,BND
2022-04-05 00:00:00.000000,68.0478286743164,68.55972424441761,68.0044447767521,68.54237465706392,6956300,BND
2022-04-06 00:00:00.000000,67.83959197998047,68.02179241177443,67.58797996861189,67.68341923566386,8649400,BND
2022-04-07 00:00:00.000000,67.70077514648438,67.83959831860462,67.59666438684738,67.76150862942369,9157600,BND
2022-04-08 00:00:00.000000,67.3364028930664,67.51860341939059,67.24964168331051,67.37978680767236,8989600,BND
2022-04-11 00:00:00.000000,67.0240249633789,67.18887581614156,66.96329148385362,67.15417002506243,7858300,BND
2022-04-12 00:00:00.000000,67.24095153808594,67.45785783337008,67.20624573650589,67.34506894282606,8168200,BND
2022-04-13 00:00:00.000000,67.31903076171875,67.54461514930898,67.30168117165232,67.31903076171875,7790300,BND
2022-04-14 00:00:00.000000,66.85919952392578,67.32771795239955,66.8158222331787,67.29301214812868,7046100,BND
2022-04-18 00:00:00.000000,66.64227294921875,66.87653540195572,66.61624525879316,66.86785729866276,7187800,BND
2022-04-19 00:00:00.000000,66.22582244873047,66.50346220327917,66.1997947560312,66.39934481302821,11568000,BND
2022-04-20 00:00:00.000000,66.64227294921875,66.72904074324181,66.42536670306771,66.46875060007925,7366100,BND
2022-04-21 00:00:00.000000,66.28658294677734,66.53819511114665,66.08702618901665,66.52951700355969,7869900,BND
2022-04-22 00:00:00.000000,66.19981384277344,66.3473085568976,66.02628480898989,66.09569642250331,8625100,BND
2022-04-25 00:00:00.000000,66.6162338256836,66.8244619328042,66.52079456420078,66.52079456420078,6091600,BND
2022-04-26 00:00:00.000000,66.789794921875,66.94596773227126,66.72038331293102,66.91126192779926,8837100,BND
2022-04-27 00:00:00.000000,66.58154296875,66.86786081740486,66.51213799711394,66.79844922631514,10802000,BND
2022-04-28 00:00:00.000000,66.5555191040039,66.5555191040039,66.32126324492307,66.4080244290473,7644000,BND
2022-04-29 00:00:00.000000,66.10436248779297,66.39067375733505,66.07833479233047,66.18244557418046,7120400,BND
2022-05-02 00:00:00.000000,65.7662124633789,65.92266813327481,65.69667218894145,65.90528638052824,10166700,BND
2022-05-03 00:00:00.000000,65.92265319824219,66.19212004270717,65.8705013200921,66.1312739742907,7769000,BND
2022-05-04 00:00:00.000000,66.34861755371094,66.34861755371094,65.74884410948492,65.87053631096155,12238000,BND
2022-05-05 00:00:00.000000,65.6880111694336,65.94878401440266,65.41855075956677,65.94878401440266,10540000,BND
2022-05-06 00:00:00.000000,65.40983581542969,65.64452599607674,65.34029552793173,65.41853000929864,8803000,BND
2022-05-09 00:00:00.000000,65.70538330078125,65.73146588683848,65.31423072238624,65.34900087206793,7420300,BND
2022-05-10 00:00:00.000000,65.89659118652344,66.08782362245651,65.83574510524706,65.96613145990374,24792700,BND
2022-05-11 00:00:00.000000,66.12260437011719,66.13998612538884,65.60106549952242,65.64452320356483,9843600,BND
2022-05-12 00:00:00.000000,66.25297546386719,66.40074356063516,66.20082357835497,66.26166965536089,6079800,BND
2022-05-13 00:00:00.000000,66.00961303710938,66.14868698848471,65.96614869695803,66.11391684270907,5024800,BND
2022-05-16 00:00:00.000000,66.11392211914062,66.27038447175437,66.08784616565963,66.09654036072921,6104400,BND
2022-05-17 00:00:00.000000,65.72278594970703,65.91401849857922,65.7053975552299,65.78363206691824,5881200,BND
2022-05-18 00:00:00.000000,66.00093841552734,66.0357085716142,65.66193768334212,65.66193768334212,4963300,BND
2022-05-19 00:00:00.000000,66.13998413085938,66.38337511940864,66.09652642812748,66.35729253969788,5461400,BND
2022-05-20 00:00:00.000000,66.33992004394531,66.38338438446982,66.1660759453018,66.1660759453018,6960100,BND
2022-05-23 00:00:00.000000,66.10519409179688,66.38334847821122,66.06172977478188,66.31380822367672,7332900,BND
2022-05-24 00:00:00.000000,66.64414978027344,66.7397660229664,66.33991929521727,66.33991929521727,6587100,BND
2022-05-25 00:00:00.000000,66.91365051269531,66.93103227844256,66.74849389530902,66.86149195199249,5737200,BND
2022-05-26 00:00:00.000000,66.84408569335938,67.01792981405438,66.76585119683695,66.93100775370688,5328400,BND
2022-05-27 00:00:00.000000,67.03530883789062,67.12223088609196,66.93099840101272,67.02661464355234,6355300,BND
2022-05-31 00:00:00.000000,66.6528549194336,66.70500683065626,66.46162240264611,66.64416072365373,9067000,BND
2022-06-01 00:00:00.000000,66.35502624511719,66.74693539794595,66.24180302508053,66.67726059247035,7294600,BND
2022-06-02 00:00:00.000000,66.41595458984375,66.47691835095725,66.23306330650324,66.4507919739874,5276600,BND
2022-06-03 00:00:00.000000,66.32015991210938,66.35499729965036,66.1808103619454,66.1808103619454,5549600,BND
2022-06-06 00:00:00.000000,65.9282455444336,66.26790177375288,65.90211916441709,66.21564901371988,6698000,BND
2022-06-07 00:00:00.000000,66.15470886230469,66.28534745357672,66.03278128233207,66.05890767167551,6989800,BND
2022-06-08 00:00:00.000000,65.88468933105469,66.1285443504196,65.88468933105469,66.01532784701473,3778300,BND
2022-06-09 00:00:00.000000,65.79762268066406,65.92825459868689,65.76278528767354,65.84116443848724,4828500,BND
2022-06-10 00:00:00.000000,65.24022674560547,65.6843884815342,65.10958820492847,65.54504557748368,14690800,BND
2022-06-13 00:00:00.000000,64.1864013671875,64.66540704011986,63.89900460797897,64.63056965985652,11255300,BND
2022-06-14 00:00:00.000000,63.838050842285156,64.45639948847193,63.750954055723476,64.36930934646217,9530100,BND
2022-06-15 00:00:00.000000,64.56961822509766,64.61316661987337,64.01223332363966,64.31705215341323,9098600,BND
2022-06-16 00:00:00.000000,64.70896911621094,64.72638448775152,63.93385551388593,64.0035236446005,8477600,BND
2022-06-17 00:00:00.000000,64.7437973022461,64.87443583957383,64.48252687214264,64.78734569620602,4913600,BND
2022-06-21 00:00:00.000000,64.44767761230469,64.69153262662853,64.39542486482124,64.54347874572488,7069900,BND
2022-06-22 00:00:00.000000,64.97892761230469,65.10085510367735,64.91796386661836,65.00505398266313,8407600,BND
2022-06-23 00:00:00.000000,65.29248809814453,65.60601797921666,65.21410230559997,65.23152432374457,8542600,BND
2022-06-24 00:00:00.000000,65.17056274414062,65.43183322413101,65.12701434186557,65.19668912768434,6979000,BND
2022-06-27 00:00:00.000000,64.85700988769531,65.083449539151,64.78733512654726,64.91797364256212,6238900,BND
2022-06-28 00:00:00.000000,64.89185333251953,64.89185333251953,64.71766641337135,64.82217856486025,5578800,BND
2022-06-29 00:00:00.000000,65.26634216308594,65.26634216308594,64.89184861980407,64.89184861980407,3896400,BND
2022-06-30 00:00:00.000000,65.54505920410156,65.7105285217776,65.46667340557832,65.46667340557832,4387100,BND
2022-07-01 00:00:00.000000,66.0677490234375,66.36445087324871,65.91067314006274,65.98048612328097,5801800,BND
2022-07-05 00:00:00.000000,66.18120574951172,66.29465353845309,66.05903632890877,66.18993403890738,6253900,BND
2022-07-06 00:00:00.000000,65.77976989746094,66.36444526029747,65.76231998199852,66.34698868710309,5312000,BND
2022-07-07 00:00:00.000000,65.59651184082031,65.84957887491127,65.53542715381433,65.84085058884426,7536700,BND
2022-07-08 00:00:00.000000,65.37838745117188,65.48310696869713,65.30857443948838,65.45692875374962,4187100,BND
2022-07-11 00:00:00.000000,65.62271118164062,65.78851538166992,65.57908305271387,65.61398955049549,4128600,BND
2022-07-12 00:00:00.000000,65.73617553710938,65.98924271652857,65.73617553710938,65.86707327235867,6013700,BND
2022-07-13 00:00:00.000000,65.94558715820312,65.9979435727261,65.31728355299425,65.33474012965745,6382700,BND
2022-07-14 00:00:00.000000,65.73617553710938,65.82343847469711,65.40456705344646,65.53546478869575,5598000,BND
2022-07-15 00:00:00.000000,65.97176361083984,66.05902651863501,65.76233130058483,65.76233130058483,5276400,BND
2022-07-18 00:00:00.000000,65.77106475830078,65.85832767295483,65.64016705745291,65.84087109538383,3438000,BND
2022-07-19 00:00:00.000000,65.71870422363281,65.8234237199057,65.60526309597094,65.7797889320252,3493400,BND
2022-07-20 00:00:00.000000,65.65758514404297,65.93683033018759,65.62267866355859,65.92810870336429,3966900,BND
2022-07-21 00:00:00.000000,66.1986312866211,66.2335377701014,65.82339491137142,65.82339491137142,6832900,BND
2022-07-22 00:00:00.000000,66.73968505859375,66.88803264957119,66.56515260650356,66.64369387437722,6617000,BND
2022-07-25 00:00:00.000000,66.49535369873047,66.55643840545692,66.39936249419837,66.44299728088886,4256200,BND
2022-07-26 00:00:00.000000,66.51280212402344,66.8182256202199,66.4866239183113,66.76586920879562,6964100,BND
2022-07-27 00:00:00.000000,66.69605255126953,66.92294141784323,66.61751128072257,66.62623956805723,5919600,BND
2022-07-28 00:00:00.000000,67.15855407714844,67.25454526772403,67.02765639384239,67.15855407714844,5140200,BND
2022-07-29 00:00:00.000000,67.106201171875,67.34181168794564,66.97530348173217,67.01893826435747,6601700,BND
2022-08-01 00:00:00.000000,67.39736938476562,67.44983017255323,67.17002818601006,67.23998035039725,5370800,BND
2022-08-02 00:00:00.000000,66.7153549194336,67.48480874304722,66.66288745870584,67.4061108874585,10808300,BND
2022-08-03 00:00:00.000000,67.04762268066406,67.05636836993521,66.42681216253831,66.65415338654415,5747700,BND
2022-08-04 00:00:00.000000,67.2137451171875,67.22248413385252,67.0126343268055,67.0825864861562,9869900,BND
2022-08-05 00:00:00.000000,66.45305633544922,66.54049323326801,66.33064334430138,66.49677811986246,8946400,BND
2022-08-08 00:00:00.000000,66.75032043457031,66.84650299078194,66.68037494269356,66.71535102413465,8534700,BND
2022-08-09 00:00:00.000000,66.60166931152344,66.68036715332403,66.53171715681283,66.5929302954381,6888800,BND
2022-08-10 00:00:00.000000,66.78531646728516,67.09135560356866,66.72410997422995,66.89024474295442,4305000,BND
2022-08-11 00:00:00.000000,66.40931701660156,67.03887318828382,66.38308662128246,66.95143631355148,5179500,BND
2022-08-12 00:00:00.000000,66.7153549194336,66.7153549194336,66.46178331743454,66.63665706384486,4376800,BND
2022-08-15 00:00:00.000000,66.78531646728516,66.92522083484418,66.76783175684399,66.86401434178896,3922300,BND
2022-08-16 00:00:00.000000,66.69784545898438,66.70659114523549,66.47924999973442,66.68909977273326,4104000,BND
2022-08-17 00:00:00.000000,66.30438995361328,66.46177898352171,66.19946171000586,66.39182682111678,4131100,BND
2022-08-18 00:00:00.000000,66.42681121826172,66.59294595702045,66.40058082182745,66.48801770027711,4026800,BND
2022-08-19 00:00:00.000000,66.0071029663086,66.06830944656589,65.89343569468961,66.04207905088505,5115800,BND
2022-08-22 00:00:00.000000,65.70982360839844,65.89344306972168,65.65735614015838,65.86721267110505,4158600,BND
2022-08-23 00:00:00.000000,65.68358612060547,65.97212714525328,65.58740355538751,65.68358612060547,6294800,BND
2022-08-24 00:00:00.000000,65.51744842529297,65.58740059156425,65.43875057048635,65.5524245084286,3808600,BND
2022-08-25 00:00:00.000000,65.8759536743164,65.9284211441369,65.50871474060777,65.56118221042827,3688400,BND
2022-08-26 00:00:00.000000,65.74479675292969,65.90218580858864,65.62238378419566,65.77977283985462,4276600,BND
2022-08-29 00:00:00.000000,65.44746398925781,65.54364650270529,65.39500322592372,65.53490081848211,3263800,BND
2022-08-30 00:00:00.000000,65.49996948242188,65.64861284557281,65.31634336205148,65.51745419002526,6878700,BND
2022-08-31 00:00:00.000000,65.2288818359375,65.5261751209164,65.15019067494543,65.44747728892054,5155600,BND
2022-09-01 00:00:00.000000,64.87490844726562,64.93624318169167,64.62080549464783,64.85738041743836,6160700,BND
2022-09-02 00:00:00.000000,65.0414047241211,65.26045834726109,64.99759132549868,65.05892607257843,3600600,BND
2022-09-06 00:00:00.000000,64.45430755615234,64.79603052300114,64.43678621540914,64.78727319512109,6869800,BND
2022-09-07 00:00:00.000000,64.91871643066406,64.91871643066406,64.6470921278531,64.66462015802564,4208300,BND
2022-09-08 00:00:00.000000,64.71719360351562,64.94501121045721,64.69966557260507,64.80481370311313,3580300,BND
2022-09-09 00:00:00.000000,64.69091033935547,64.9187212686974,64.65586096138318,64.79605178828703,3831700,BND
2022-09-12 00:00:00.000000,64.612060546875,64.90121295949206,64.5332044443358,64.839878206966,4008200,BND
2022-09-13 00:00:00.000000,64.2878646850586,64.3404354194721,64.15643116403825,64.20900189845176,9481200,BND
2022-09-14 00:00:00.000000,64.36671447753906,64.45433458796869,64.20899560477136,64.22652363784884,4332200,BND
2022-09-15 00:00:00.000000,64.17396545410156,64.30539900162461,64.1301587282525,64.2353002182806,4967200,BND
2022-09-16 00:00:00.000000,64.10386657714844,64.23529342578597,63.98119037677473,64.03376780121695,5050000,BND
2022-09-19 00:00:00.000000,64.06002044677734,64.1213551731386,63.88478028145482,63.954872336593546,6374900,BND
2022-09-20 00:00:00.000000,63.74460983276367,63.85851532002772,63.63070434549963,63.70956044783936,4750500,BND
2022-09-21 00:00:00.000000,63.919837951660156,63.954887329938266,63.47297341983134,63.80593248599533,6360300,BND
2022-09-22 00:00:00.000000,63.26266098022461,63.51676389405317,63.18380491299351,63.50800656546104,5216100,BND
2022-09-23 00:00:00.000000,63.087440490722656,63.306494103537666,62.86838687790765,63.306494103537666,6885400,BND
2022-09-26 00:00:00.000000,62.28130340576172,62.920935991869875,62.26377537916554,62.885886623660966,8658900,BND
2022-09-27 00:00:00.000000,62.00968933105469,62.39522580117943,61.92206922920414,62.31636971500951,9946100,BND
2022-09-28 00:00:00.000000,62.973533630371094,62.99981899373171,62.465327655447346,62.58799714112058,11649700,BND
2022-09-29 00:00:00.000000,62.649330139160156,62.77199962141702,62.44779788403221,62.596759413903044,6100300,BND
2022-09-30 00:00:00.000000,62.50034713745117,62.9735035065613,62.43024841203136,62.8245420437986,8919100,BND
2022-10-03 00:00:00.000000,63.023746490478516,63.38378505909457,62.856905394939886,62.962277307987776,6762600,BND
2022-10-04 00:00:00.000000,63.18179702758789,63.436456926960005,63.120327858748894,63.25204942044301,6124400,BND
2022-10-05 00:00:00.000000,62.84810256958008,62.90957173290145,62.59344269306686,62.856885792807795,7252400,BND
2022-10-06 00:00:00.000000,62.61101531982422,62.874451745932504,62.55832267489297,62.81298257654354,7108400,BND
2022-10-07 00:00:00.000000,62.28609085083008,62.45293857783404,62.23340491583332,62.35634323058287,5023200,BND
2022-10-10 00:00:00.000000,62.005096435546875,62.286099293009144,61.87337488056593,62.286099293009144,4950700,BND
2022-10-11 00:00:00.000000,62.022647857666016,62.30365067740891,61.93483573267805,62.101683459900165,9225500,BND
2022-10-12 00:00:00.000000,62.09291076660156,62.1895061303587,61.91728648684504,61.95241268272371,5442000,BND
2022-10-13 00:00:00.000000,61.87337875366211,62.084129235042035,61.285030030839756,61.35528242451207,6668900,BND
2022-10-14 00:00:00.000000,61.574806213378906,62.1982810326267,61.548456545267655,62.189497809922955,6544400,BND
2022-10-17 00:00:00.000000,61.70653533935547,62.06657385755446,61.70653533935547,61.952418734525196,19605200,BND
2022-10-18 00:00:00.000000,61.84706115722656,61.943656563250514,61.5924011504034,61.87340414075314,7008000,BND
2022-10-19 00:00:00.000000,61.337730407714844,61.5484809386798,61.276261223698455,61.46066877574762,6483600,BND
2022-10-20 00:00:00.000000,60.924991607666016,61.33771604641655,60.88986541078969,61.214777707167926,6260900,BND
2022-10-21 00:00:00.000000,61.03038787841797,61.1006402925223,60.670349280862474,60.71425871458742,6984400,BND
2022-10-24 00:00:00.000000,60.94255828857422,61.19721819217198,60.79327697600772,61.01281068259506,7259400,BND
2022-10-25 00:00:00.000000,61.52213668823242,61.65385827972759,61.3904217963757,61.416764774747044,7780900,BND
2022-10-26 00:00:00.000000,61.76801681518555,61.88217866058918,61.618735463114895,61.66264489590688,7001000,BND
2022-10-27 00:00:00.000000,62.09291076660156,62.22463232623737,61.80312467533016,61.94362945884484,5493300,BND
2022-10-28 00:00:00.000000,61.96998596191406,62.09292432451443,61.80313816996858,61.82070462156194,4828800,BND
2022-10-31 00:00:00.000000,61.77678298950195,61.82069241017368,61.522123088807284,61.78556621356369,6785000,BND
2022-11-01 00:00:00.000000,61.841041564941406,62.14910119385832,61.70021046875295,62.12269704212205,7019000,BND
2022-11-02 00:00:00.000000,61.74422073364258,62.254723375176326,61.612193262184384,61.92025288545607,10223800,BND
2022-11-03 00:00:00.000000,61.50655746459961,61.59458023784598,61.23370567008127,61.26891343634086,6408200,BND
2022-11-04 00:00:00.000000,61.5241584777832,61.70019057606821,61.38332742699992,61.55056262100655,8780400,BND
2022-11-07 00:00:00.000000,61.28654098510742,61.550595990887416,61.28654098510742,61.53299545759437,6246100,BND
2022-11-08 00:00:00.000000,61.559383392333984,61.673803616579924,61.41855230231193,61.43615954616268,6358100,BND
2022-11-09 00:00:00.000000,61.64738464355469,61.73540069605798,61.42734115469928,61.48895306297102,7269400,BND
2022-11-10 00:00:00.000000,62.92364501953125,62.92364501953124,62.39554189845129,62.40434551977469,7014100,BND
2022-11-11 00:00:00.000000,62.92364501953125,62.95885278962931,62.71240511413837,62.7828206543345,4525300,BND
2022-11-14 00:00:00.000000,62.72121810913086,62.83563834265301,62.67720671113191,62.747622261851625,6914500,BND
2022-11-15 00:00:00.000000,63.161293029785156,63.17008993552876,62.9676536603024,63.0732769659826,11948800,BND
2022-11-16 00:00:00.000000,63.52217483520508,63.57498985722417,63.284530739307584,63.34614266899928,8856700,BND
2022-11-17 00:00:00.000000,63.25813293457031,63.28453709063147,63.073297126944844,63.196520998695156,6260600,BND
2022-11-18 00:00:00.000000,63.15248107910156,63.40773233109826,63.13488055474063,63.3109126591273,8564600,BND
2022-11-21 00:00:00.000000,63.15248107910156,63.40773233109826,63.126076934963,63.363720947404424,6834600,BND
2022-11-22 00:00:00.000000,63.47816848754883,63.53978041562573,63.31093323339871,63.319736856037274,9534200,BND
2022-11-23 00:00:00.000000,63.865447998046875,63.865447998046875,63.57499556923077,63.57499556923077,4855000,BND
2022-11-25 00:00:00.000000,63.865447998046875,63.865447998046875,63.72462359546896,63.72462359546896,2536400,BND
2022-11-28 00:00:00.000000,63.78621292114258,63.962245040768245,63.715797387214344,63.90943674791953,5852100,BND
2022-11-29 00:00:00.000000,63.5485725402832,63.70700415987089,63.513371482771284,63.5485725402832,5437600,BND
2022-11-30 00:00:00.000000,64.04145812988281,64.0502550343945,63.381327671015015,63.50455148612146,5479900,BND
2022-12-01 00:00:00.000000,64.57518005371094,64.57518005371094,64.0988116775691,64.1605636322881,7462500,BND
2022-12-02 00:00:00.000000,64.83983612060547,64.84865975154479,64.21349293308184,64.35463737581895,6828300,BND
2022-12-05 00:00:00.000000,64.32819366455078,64.54873739493978,64.24880115223179,64.53992049165579,7552900,BND
2022-12-06 00:00:00.000000,64.5399169921875,64.61048586693562,64.39876578177096,64.46934138697924,7584100,BND
2022-12-07 00:00:00.000000,65.10448455810547,65.13094871776309,64.7869011812985,64.82218897099457,7472500,BND
2022-12-08 00:00:00.000000,64.91926574707031,65.05159336502923,64.81340903707297,64.91044884154536,5378100,BND
2022-12-09 00:00:00.000000,64.5399169921875,64.80456541602828,64.5399169921875,64.76927761342414,12079600,BND
2022-12-12 00:00:00.000000,64.5399169921875,64.84867685189849,64.44287721764117,64.80456541602828,7533500,BND
2022-12-13 00:00:00.000000,64.98099517822266,65.41325892028009,64.93688374863224,65.41325892028009,12563900,BND
2022-12-14 00:00:00.000000,65.1397705078125,65.19270556155963,64.77808241457441,65.02509023053373,9833900,BND
2022-12-15 00:00:00.000000,65.17505645751953,65.24563204021493,65.02508839213533,65.17505645751953,7800400,BND
2022-12-16 00:00:00.000000,65.00745391845703,65.13095783445188,64.76044608646735,64.80455078191773,6541900,BND
2022-12-19 00:00:00.000000,64.61933135986328,64.76048261802897,64.53111518874094,64.74283534552706,6300000,BND
2022-12-20 00:00:00.000000,64.19585418701172,64.3105412130613,64.12528532151114,64.22232508334112,6130500,BND
2022-12-21 00:00:00.000000,64.34584045410156,64.48698494066268,64.24880067501434,64.43405659950982,8169000,BND
2022-12-22 00:00:00.000000,64.33700561523438,64.46050954338808,64.27525365115751,64.35464614905949,6833800,BND
2022-12-23 00:00:00.000000,64.13540649414062,64.21499343919882,64.06466404217146,64.10887976124508,4693400,BND
2022-12-27 00:00:00.000000,63.64021301269531,63.87012257296781,63.6313685209697,63.78169114845266,6959600,BND
2022-12-28 00:00:00.000000,63.551795959472656,63.825914518520875,63.54295146668588,63.772861054542844,7868200,BND
2022-12-29 00:00:00.000000,63.790523529052734,63.817050252822774,63.62251195001684,63.640200930109685,7391000,BND
2022-12-30 00:00:00.000000,63.5252571105957,63.73748444130843,63.48989263518099,63.64905976003016,7051900,BND
2023-01-03 00:00:00.000000,63.86128234863281,64.09119192426851,63.72864194936718,64.06465844731862,8634800,BND
2023-01-04 00:00:00.000000,64.22382354736328,64.33878170473335,64.10002764432686,64.28572149888149,5257100,BND
2023-01-05 00:00:00.000000,64.153076171875,64.18844064084423,63.86126870510748,63.96737560475421,5632400,BND
2023-01-06 00:00:00.000000,64.86048889160156,64.89586011165865,64.17076696641438,64.24150940652855,5627200,BND
2023-01-09 00:00:00.000000,65.03736877441406,65.12579348370627,64.78977014347387,64.82514137646533,7398200,BND
2023-01-10 00:00:00.000000,64.78091430664062,64.88702122961455,64.63058492180924,64.8251232757561,4827900,BND
2023-01-11 00:00:00.000000,65.12578582763672,65.16115705647,64.94892968347033,64.96661867107301,8453200,BND
2023-01-12 00:00:00.000000,65.62979888916016,65.62979888916016,65.09039958006299,65.32914688663476,5927600,BND
2023-01-13 00:00:00.000000,65.40873718261719,65.62980226340399,65.34683922985171,65.48831737344241,6331600,BND
2023-01-17 00:00:00.000000,65.32029724121094,65.43524862767471,65.20533910837786,65.22302808867647,6815100,BND
2023-01-18 00:00:00.000000,65.92161560058594,66.0188847844167,65.68286151432079,65.96582457281808,5112800,BND
2023-01-19 00:00:00.000000,65.7889633178711,65.85086126492222,65.66516742376884,65.75359209864612,4765200,BND
2023-01-20 00:00:00.000000,65.4971694946289,65.60328317445997,65.37337357467848,65.55022296135861,4714300,BND
2023-01-23 00:00:00.000000,65.3379898071289,65.48831243159134,65.30261858730768,65.32914531558102,6116700,BND
2023-01-24 00:00:00.000000,65.62979888916016,65.6563256180714,65.24072220814043,65.39104483621786,3907700,BND
2023-01-25 00:00:00.000000,65.70938110351562,65.75359681731244,65.50600501134004,65.62095642229272,4414400,BND
2023-01-26 00:00:00.000000,65.58557891845703,65.74474602796083,65.47947200970123,65.66516584639398,3866800,BND
2023-01-27 00:00:00.000000,65.51483917236328,65.55021039219126,65.39104327615057,65.43525898752812,4474100,BND
2023-01-30 00:00:00.000000,65.32911682128906,65.51481058457955,65.311434592276,65.39985923007613,6258700,BND
2023-01-31 00:00:00.000000,65.62979888916016,65.62979888916016,65.31146464948411,65.54137421066581,5502300,BND
2023-02-01 00:00:00.000000,66.05171966552734,66.10490600522168,65.51990360544063,65.73263543940179,7473900,BND
2023-02-02 00:00:00.000000,66.09603881835938,66.35308470609573,66.07831454718111,66.29990513015301,4273500,BND
2023-02-03 00:00:00.000000,65.51102447509766,65.6794286715951,65.40465859119979,65.60851808232987,5332900,BND
2023-02-06 00:00:00.000000,65.10328674316406,65.20965261852554,65.08556247847321,65.15647306204752,5282300,BND
2023-02-07 00:00:00.000000,65.01464080810547,65.3248661053343,64.98805103440075,65.05009609384652,4674500,BND
2023-02-08 00:00:00.000000,65.12989044189453,65.22738405201741,64.91715866779134,65.05011433600428,4308200,BND
2023-02-09 00:00:00.000000,64.86398315429688,65.31602974947526,64.82852785639989,65.30716423439937,4268100,BND
2023-02-10 00:00:00.000000,64.5892105102539,64.8285253086453,64.5537552137503,64.81080104159666,3606100,BND
2023-02-13 00:00:00.000000,64.7664794921875,64.7664794921875,64.58920977409626,64.60693404094287,3805800,BND
2023-02-14 00:00:00.000000,64.5448989868164,64.7753550660485,64.35876372519301,64.68672019323841,4328000,BND
2023-02-15 00:00:00.000000,64.40306091308594,64.518285529222,64.29669504729546,64.45624046477876,4370800,BND
2023-02-16 00:00:00.000000,64.15489196777344,64.31443743020675,64.08398813300832,64.19921278160754,5912000,BND
2023-02-17 00:00:00.000000,64.29671478271484,64.30558029818647,63.986489365277166,63.99534811834187,5165700,BND
2023-02-21 00:00:00.000000,63.73829650878906,63.951021501465966,63.720565481329395,63.888976430168306,16093200,BND
2023-02-22 00:00:00.000000,63.880096435546875,64.03964183448882,63.85350666279056,63.906686208303185,4375600,BND
2023-02-23 00:00:00.000000,64.11058044433594,64.12830471312444,63.90671416002973,63.933303944415975,4789200,BND
2023-02-24 00:00:00.000000,63.756046295166016,63.84468118072783,63.64082162017649,63.78263608459373,4345900,BND
2023-02-27 00:00:00.000000,63.86239242553711,63.9776170648207,63.79148183409819,63.86239242553711,3340500,BND
2023-02-28 00:00:00.000000,63.880096435546875,63.89782069658306,63.60532643385954,63.64964046765205,5032400,BND
2023-03-01 00:00:00.000000,63.50165557861328,63.81258844812779,63.466119425264736,63.679329567527795,4427800,BND
2023-03-02 00:00:00.000000,63.368404388427734,63.386169078343826,63.22625975778282,63.26179591544405,4966600,BND
2023-03-03 00:00:00.000000,63.85701370239258,63.85701370239258,63.546080783475354,63.679339685248245,4008600,BND
2023-03-06 00:00:00.000000,63.705989837646484,63.99027233055946,63.69710410347847,63.99027233055946,4538700,BND
2023-03-07 00:00:00.000000,63.634918212890625,63.83036369973953,63.52831651303075,63.812599009039324,4253100,BND
2023-03-08 00:00:00.000000,63.581642150878906,63.87481049544677,63.46615467173035,63.768201976195186,4774500,BND
2023-03-09 00:00:00.000000,63.794837951660156,63.92809687606185,63.626049640059755,63.661585805088905,4597800,BND
2023-03-10 00:00:00.000000,64.55884552001953,64.70099017345329,64.32787062493486,64.41670764441591,4779500,BND
2023-03-13 00:00:00.000000,65.07412719726562,65.58050579990581,64.88756737290682,65.14519954306859,7270500,BND
2023-03-14 00:00:00.000000,64.66545104980469,65.02080588929132,64.5499636075492,64.85201081552347,5432500,BND
2023-03-15 00:00:00.000000,65.33174133300781,65.60713812468279,65.03857307087183,65.3939279239612,6677200,BND
2023-03-16 00:00:00.000000,65.02082061767578,65.63380090736572,64.92309784523525,65.5893857785127,6964800,BND
2023-03-17 00:00:00.000000,65.49164581298828,65.66931983741948,65.28731458484577,65.28731458484577,4352700,BND
2023-03-20 00:00:00.000000,65.20735168457031,65.59823582421326,65.17181553045216,65.54493498195022,6924500,BND
2023-03-21 00:00:00.000000,65.0296859741211,65.18071635855728,64.9674993844697,65.0296859741211,3997700,BND
2023-03-22 00:00:00.000000,65.60713958740234,65.66932617974219,64.91420133623548,65.02968878548654,5220500,BND
2023-03-23 00:00:00.000000,65.75814819335938,65.8381062383086,65.45610103602131,65.56270950334405,5392100,BND
2023-03-24 00:00:00.000000,65.89139556884766,66.11349142025499,65.76702243428575,65.95358213612862,4638000,BND
2023-03-27 00:00:00.000000,65.20735168457031,65.5005198726738,65.20735168457031,65.3850256773327,5769800,BND
2023-03-28 00:00:00.000000,65.09187316894531,65.1807169645561,65.02968657871577,65.08299421164823,3473300,BND
2023-03-29 00:00:00.000000,65.16294860839844,65.22513520159984,64.98527456434593,64.99416029989766,4231300,BND
2023-03-30 00:00:00.000000,65.25177001953125,65.31395659785508,65.13628259630947,65.13628259630947,3455300,BND
2023-03-31 00:00:00.000000,65.58934020996094,65.62487635505323,65.26952168195692,65.37612333940716,4549200,BND
2023-04-03 00:00:00.000000,65.86811828613281,65.89483493253121,65.47625601983353,65.52969610730135,5346200,BND
2023-04-04 00:00:00.000000,66.13530731201172,66.1887406120578,65.65438722758117,65.69001169250254,4126700,BND
2023-04-05 00:00:00.000000,66.31341552734375,66.70527780358306,66.24216660536003,66.304507713428,4345900,BND
2023-04-06 00:00:00.000000,66.29559326171875,66.43808428214425,66.27777763749694,66.35793435715549,4381700,BND
2023-04-10 00:00:00.000000,65.85031127929688,65.94827684858805,65.73453008213211,65.93046122071445,4224300,BND
2023-04-11 00:00:00.000000,65.87702941894531,65.93046271443428,65.73453157141292,65.92155490029567,4401600,BND
2023-04-12 00:00:00.000000,65.94830322265625,66.13532662209626,65.77018084604154,66.13532662209626,4134800,BND
2023-04-13 00:00:00.000000,65.91265869140625,66.16202314811622,65.85921859734565,66.09077421914999,5012700,BND
2023-04-14 00:00:00.000000,65.6187515258789,65.72562490234164,65.55641042161001,65.68109263014782,4349600,BND
2023-04-17 00:00:00.000000,65.26252746582031,65.44064979740793,65.24471862999765,65.41392635166564,5085500,BND
2023-04-18 00:00:00.000000,65.36046600341797,65.44952373502366,65.27140827181228,65.28921710026566,3728400,BND
2023-04-19 00:00:00.000000,65.27143859863281,65.29815525106083,65.14675635752032,65.27143859863281,4611000,BND
2023-04-20 00:00:00.000000,65.55641174316406,65.55641174316406,65.44953836454687,65.45844617809936,3605400,BND
2023-04-21 00:00:00.000000,65.44063568115234,65.6989011155674,65.39610340919349,65.66328345160518,3371600,BND
2023-04-24 00:00:00.000000,65.69891357421875,65.72563701926414,65.5653303223519,65.5653303223519,2993000,BND
2023-04-25 00:00:00.000000,66.12641143798828,66.16203590934259,65.9571968977236,65.9571968977236,3508100,BND
2023-04-26 00:00:00.000000,65.89484405517578,66.15311633056788,65.81469410488441,66.0907752154506,5819900,BND
2023-04-27 00:00:00.000000,65.6098403930664,65.75233822114056,65.57421593604786,65.73452259529608,3078100,BND
2023-04-28 00:00:00.000000,65.9749984741211,65.99280730866732,65.80578396990921,65.93046619574795,4469100,BND
2023-05-01 00:00:00.000000,65.2964859008789,65.76072505768082,65.2250634442601,65.70715480960654,4546500,BND
2023-05-02 00:00:00.000000,65.93927001953125,65.9481995288221,65.45717868612336,65.46610819541422,4825100,BND
2023-05-03 00:00:00.000000,66.21603393554688,66.22496344624413,65.93928040492086,66.08211851997201,4205600,BND
2023-05-04 00:00:00.000000,66.12677001953125,66.40352359517867,65.97500236909377,65.99285458217145,11535800,BND
2023-05-05 00:00:00.000000,65.88571166992188,65.93927510736015,65.7785779838249,65.89463436868131,3143200,BND
2023-05-08 00:00:00.000000,65.57325744628906,65.71610239882514,65.5464757204941,65.61789819676214,9895900,BND
2023-05-09 00:00:00.000000,65.50184631347656,65.61790273702569,65.49291680051964,65.55540976877266,3827700,BND
2023-05-10 00:00:00.000000,65.90355682373047,65.95712025543482,65.75178922642169,65.77857094227387,5291800,BND
2023-05-11 00:00:00.000000,66.1178207397461,66.27851785428888,66.08210951304547,66.22495441984798,4745900,BND
2023-05-12 00:00:00.000000,65.7696533203125,66.11782931175868,65.7696533203125,66.07319538101126,2970500,BND
2023-05-15 00:00:00.000000,65.60002899169922,65.64466291938908,65.5553882527889,65.63573340936291,3268600,BND
2023-05-16 00:00:00.000000,65.43933868408203,65.45719089477353,65.31435277557804,65.41255015121303,3818500,BND
2023-05-17 00:00:00.000000,65.32327270507812,65.51968107046113,65.27863877463163,65.51075155988349,4574400,BND
2023-05-18 00:00:00.000000,65.05546569824219,65.18045163412478,65.01975445781535,65.18045163412478,3530000,BND
2023-05-19 00:00:00.000000,64.87690734863281,65.11795651072937,64.82334389537688,64.92154810049438,4166800,BND
2023-05-22 00:00:00.000000,64.8590316772461,65.06436271461398,64.8233204509169,64.91259511112989,5294900,BND
2023-05-23 00:00:00.000000,64.9036636352539,64.97508608574829,64.707262113224,64.77867775249862,4561100,BND
2023-05-24 00:00:00.000000,64.72515106201172,64.95727075227327,64.71622154782607,64.93941172390197,4245100,BND
2023-05-25 00:00:00.000000,64.48408508300781,64.71619787714786,64.45729655024905,64.68941615561026,4012300,BND
2023-05-26 00:00:00.000000,64.5644302368164,64.5733597477345,64.34124014241215,64.42159211823268,3783100,BND
2023-05-30 00:00:00.000000,64.99297332763672,64.99297332763672,64.74299464235136,64.7697831813347,3533000,BND
2023-05-31 00:00:00.000000,65.20722961425781,65.28757479218385,64.95725775685821,65.00189169640969,4898400,BND
2023-06-01 00:00:00.000000,65.383544921875,65.50885164329469,65.31193913000543,65.383544921875,3984000,BND
2023-06-02 00:00:00.000000,65.01654815673828,65.35666530891157,65.01654815673828,65.34771970951095,4595500,BND
2023-06-05 00:00:00.000000,65.0255126953125,65.2045203184894,64.81964778282627,64.8823011338085,4674600,BND
2023-06-06 00:00:00.000000,65.11502075195312,65.12397318230654,64.91810825639932,65.06131982723974,5001900,BND
2023-06-07 00:00:00.000000,64.74806213378906,65.1239891852702,64.70331362843301,65.07028141865563,4326500,BND
2023-06-08 00:00:00.000000,65.07025909423828,65.10606198346294,64.81964569836855,64.82859812785044,3567600,BND
2023-06-09 00:00:00.000000,64.93599700927734,65.02550080449879,64.84648638535405,64.92704458114464,12690400,BND
2023-06-12 00:00:00.000000,65.07025909423828,65.07921152372016,64.81070009758955,65.00760574527085,4632800,BND
2023-06-13 00:00:00.000000,64.78385162353516,65.2671804507747,64.7211982660432,65.2134795239827,4302500,BND
2023-06-14 00:00:00.000000,64.83756256103516,64.98971974688241,64.62274518591698,64.89126349046262,5986200,BND
2023-06-15 00:00:00.000000,65.24031829833984,65.25822315653173,65.04340583044464,65.12396403490295,5061200,BND
2023-06-16 00:00:00.000000,65.09713745117188,65.18664128884973,64.9270753794904,65.0523821179804,3905300,BND
2023-06-20 00:00:00.000000,65.1866455078125,65.29404738849506,65.13293773876568,65.14189017172441,4921700,BND
2023-06-21 00:00:00.000000,65.29403686523438,65.3298397625935,64.96287201489535,65.0613282754568,3678700,BND
2023-06-22 00:00:00.000000,64.98075103759766,65.19556153020011,64.91809769272601,65.09711212714674,3975500,BND
2023-06-23 00:00:00.000000,65.16873168945312,65.32984131705035,65.0613298235247,65.32089571402605,4163100,BND
2023-06-26 00:00:00.000000,65.24928283691406,65.32088862556559,65.18662947901994,65.25823526767147,6287800,BND
2023-06-27 00:00:00.000000,65.12397766113281,65.36563866766653,65.04341943981889,65.26718241311842,4816100,BND
2023-06-28 00:00:00.000000,65.32984924316406,65.33880167597911,65.10608622372578,65.21349493139012,5517200,BND
2023-06-29 00:00:00.000000,64.83756256103516,64.90021592160191,64.73015387347607,64.87336545688818,5803000,BND
2023-06-30 00:00:00.000000,65.06129455566406,65.07919258071526,64.82857925779311,64.89123258852365,5612300,BND
2023-07-03 00:00:00.000000,64.87646484375,65.19052656910605,64.85851454742556,65.0469515826392,3146500,BND
2023-07-05 00:00:00.000000,64.6072769165039,64.86750149227494,64.55343970980417,64.84955119268609,4415700,BND
2023-07-06 00:00:00.000000,64.19452667236328,64.27528250461378,64.02403300956519,64.23042043537527,5613400,BND
2023-07-07 00:00:00.000000,64.15862274169922,64.34705983312277,64.12272898437557,64.19451649902288,5726600,BND
2023-07-10 00:00:00.000000,64.3829574584961,64.45474497745631,64.20349550713016,64.21246381247423,4450800,BND
2023-07-11 00:00:00.000000,64.51757049560547,64.57140772278193,64.40091404200847,64.46372642239301,5709100,BND
2023-07-12 00:00:00.000000,65.0290298461914,65.07389190991807,64.81367414061384,64.85853620434051,6397500,BND
2023-07-13 00:00:00.000000,65.4238510131836,65.45973792392367,65.23540707861065,65.28027598608689,5868400,BND
2023-07-14 00:00:00.000000,65.11873626708984,65.36998563653749,65.10976111931475,65.29819814640048,7410000,BND
2023-07-17 00:00:00.000000,65.1905288696289,65.22642261751228,65.06490417505329,65.12771652234109,5942700,BND
2023-07-18 00:00:00.000000,65.27130126953125,65.44179490383408,65.26233296480362,65.3969259960594,7748100,BND
2023-07-19 00:00:00.000000,65.4238510131836,65.48666337602987,65.29821944145694,65.38795725640942,11522100,BND
2023-07-20 00:00:00.000000,65.11873626708984,65.21744235452026,64.99311158236603,65.20846720674517,5262100,BND
2023-07-21 00:00:00.000000,65.1635971069336,65.28024662946663,65.1366716669358,65.235377742168,5170600,BND
2023-07-24 00:00:00.000000,65.05595397949219,65.289260007205,65.04697882757073,65.24439109363271,3553400,BND
2023-07-25 00:00:00.000000,64.98416900634766,65.04698138019276,64.89443802171684,64.92135663250255,4200800,BND
2023-07-26 00:00:00.000000,65.19950866699219,65.21745211919709,64.98414616433605,65.13668946919282,4478200,BND
2023-07-27 00:00:00.000000,64.64319610595703,65.1187765416955,64.58038372474697,65.07390762110141,5342600,BND
2023-07-28 00:00:00.000000,64.86752319335938,64.8854666529177,64.70600467319161,64.7598418979023,5273200,BND
2023-07-31 00:00:00.000000,64.98416900634766,65.04698138019276,64.87649456320479,64.87649456320479,4607900,BND
2023-08-01 00:00:00.000000,64.58195495605469,64.77089549164769,64.5099756479265,64.71691444271387,11078000,BND
2023-08-02 00:00:00.000000,64.37506103515625,64.40205157555944,64.17712125309464,64.37506103515625,6546700,BND
2023-08-03 00:00:00.000000,63.97916030883789,64.06013190326472,63.90718098201866,63.99715170837949,5395200,BND
2023-08-04 00:00:00.000000,64.50999450683594,64.53699190351992,64.19509352212249,64.21309178657847,6925000,BND
2023-08-07 00:00:00.000000,64.41104125976562,64.48302060750297,64.35706018112683,64.4470309336343,4987400,BND
2023-08-08 00:00:00.000000,64.64497375488281,64.76194191655156,64.59099267369953,64.66297202482973,4338200,BND
2023-08-09 00:00:00.000000,64.66293334960938,64.7439049229548,64.61794456597883,64.64493509042731,4937800,BND
2023-08-10 00:00:00.000000,64.30305480957031,64.79789719358016,64.2940556784208,64.71692560621203,5195800,BND
2023-08-11 00:00:00.000000,64.09613037109375,64.30306924804313,64.0781389690808,64.11412863743405,4577400,BND
2023-08-14 00:00:00.000000,64.01512145996094,64.1680723130828,63.91615164574717,64.02412058788674,7992400,BND
2023-08-15 00:00:00.000000,63.87119674682617,64.06013734753934,63.85320534575554,63.90718641329445,5028100,BND
2023-08-16 00:00:00.000000,63.691246032714844,63.98815558973027,63.664255502863625,63.87118747460698,5149700,BND
2023-08-17 00:00:00.000000,63.628273010253906,63.71824374133646,63.502312613872974,63.70025234085066,7357800,BND
2023-08-18 00:00:00.000000,63.76324462890625,63.85321537704775,63.63728420864252,63.66427474665217,5094400,BND
2023-08-21 00:00:00.000000,63.45734405517578,63.556313950229956,63.38536470162202,63.52932340872954,4280100,BND
2023-08-22 00:00:00.000000,63.53832244873047,63.60130266691333,63.412362012364746,63.475342230547604,4301900,BND
2023-08-23 00:00:00.000000,64.11412811279297,64.12312038156217,63.85320816761247,63.86220730070898,5205800,BND
2023-08-24 00:00:00.000000,63.96115493774414,64.10511357538624,63.94316354020171,64.01514285902276,4186400,BND
2023-08-25 00:00:00.000000,63.96115493774414,64.07812304690975,63.7542229765407,63.88918248324875,4853100,BND
2023-08-28 00:00:00.000000,64.07813262939453,64.10512316190727,63.97916276729668,64.10512316190727,3969000,BND
2023-08-29 00:00:00.000000,64.4740219116211,64.49201331459815,63.97917252565543,63.99716392863249,6214600,BND
2023-08-30 00:00:00.000000,64.44703674316406,64.57299718089482,64.4380444721326,64.53701436811092,4721500,BND
2023-08-31 00:00:00.000000,64.55497741699219,64.65394726949533,64.49199722579255,64.52798688709606,4747100,BND
2023-09-01 00:00:00.000000,64.24462890625,64.56941623830184,64.17245241398756,64.55137555680079,3940700,BND
2023-09-05 00:00:00.000000,63.89279556274414,64.10931821893448,63.883771777822965,64.10030131714444,4634300,BND
2023-09-06 00:00:00.000000,63.82061767578125,63.97399448361502,63.74844804735881,63.964970698888095,7800400,BND
2023-09-07 00:00:00.000000,64.03713989257812,64.04615679314365,63.88376310227152,63.95593960557696,4742800,BND
2023-09-08 00:00:00.000000,64.05518341064453,64.20855332460603,64.03714272558516,64.1363768181075,4270600,BND
2023-09-11 00:00:00.000000,63.955928802490234,64.01005772926105,63.901799875719426,63.96495258466172,4215800,BND
2023-09-12 00:00:00.000000,64.00104522705078,64.01908590950408,63.91984494818712,63.99202144425937,4246300,BND
2023-09-13 00:00:00.000000,64.10028839111328,64.1634411065643,63.92887092783345,63.92887092783345,6142500,BND
2023-09-14 00:00:00.000000,63.99201202392578,64.18147013587799,63.973971344128266,64.14538189315445,5227300,BND
2023-09-15 00:00:00.000000,63.86570739746094,63.982989025401196,63.84765983431407,63.964948345382915,4946100,BND
2023-09-18 00:00:00.000000,63.928863525390625,63.94690420637492,63.75744608195954,63.75744608195954,5882500,BND
2023-09-19 00:00:00.000000,63.79352951049805,63.928858698613915,63.76646504950056,63.88374667486582,4200900,BND
2023-09-20 00:00:00.000000,63.71233367919922,63.982985161902064,63.71233367919922,63.91080867993004,5518400,BND
2023-09-21 00:00:00.000000,63.315391540527344,63.41463251635835,63.3063677564162,63.396584948136066,9127100,BND
2023-09-22 00:00:00.000000,63.57701110839844,63.613099353137684,63.36048852309181,63.40559366666921,8149800,BND
2023-09-25 00:00:00.000000,63.1078987121582,63.315404490372345,63.09888180933336,63.25225175493881,22744300,BND
2023-09-26 00:00:00.000000,63.04473114013672,63.23418930185131,63.01766667176753,63.225172401148455,7329100,BND
2023-09-27 00:00:00.000000,62.819175720214844,63.25222780142865,62.692870297179425,63.24320401888918,7701800,BND
2023-09-28 00:00:00.000000,62.9815673828125,62.99961494731621,62.593627343531914,62.71091586341874,9004600,BND
2023-09-29 00:00:00.000000,62.954505920410156,63.270269482987466,62.87331252566003,63.207116770472,7650600,BND
2023-10-02 00:00:00.000000,62.52207946777344,62.75729686148819,62.485891645500296,62.712060358116425,6719800,BND
2023-10-03 00:00:00.000000,62.015445709228516,62.47682477914349,61.9973483522989,62.40445605778307,8099500,BND
2023-10-04 00:00:00.000000,62.42256546020508,62.449704601717904,62.11497932023105,62.26877239021806,7915900,BND
2023-10-05 00:00:00.000000,62.46778869628906,62.55825478282443,62.395413066212775,62.54015742424537,6845000,BND
2023-10-06 00:00:00.000000,62.22352981567383,62.36828109244874,61.96117330310989,62.00640980263224,8385100,BND
2023-10-09 00:00:00.000000,62.85678482055664,62.85678482055664,62.47681629991611,62.5491919135732,3561600,BND
2023-10-10 00:00:00.000000,62.79346466064453,62.929160323247494,62.54919866372089,62.63062296340182,11555900,BND
2023-10-11 00:00:00.000000,63.08296585083008,63.092007627727746,62.89297810206265,62.9924928648952,18074400,BND
2023-10-12 00:00:00.000000,62.54015350341797,62.97440035453148,62.485875235323604,62.956302997087,6144000,BND
2023-10-13 00:00:00.000000,62.82966232299805,62.92917710352227,62.73919622309993,62.90203796376494,5570100,BND
2023-10-16 00:00:00.000000,62.50397872924805,62.65777869113131,62.47683958953953,62.65777869113131,4914800,BND
2023-10-17 00:00:00.000000,62.096885681152344,62.214490935466735,61.98832220647008,62.13307350604643,5851900,BND
2023-10-18 00:00:00.000000,61.82547378540039,62.01546157115851,61.72596590531339,61.9702250693835,5885900,BND
2023-10-19 00:00:00.000000,61.55408477783203,61.888816996007876,61.51789695137069,61.76215615233208,9433800,BND
2023-10-20 00:00:00.000000,61.78025436401367,61.86167179807683,61.68978824768053,61.71692739236825,5197700,BND
2023-10-23 00:00:00.000000,62.015445709228516,62.10591178751855,61.5088232469895,61.59024754893407,9587100,BND
2023-10-24 00:00:00.000000,62.22352981567383,62.23257849600245,61.952131524902036,62.05163940003382,9462100,BND
2023-10-25 00:00:00.000000,61.75309753417969,61.98830798886071,61.69881235822845,61.97021753162382,7392400,BND
2023-10-26 00:00:00.000000,62.16924285888672,62.17829153795211,61.82546207559977,61.83451075466517,11426600,BND
2023-10-27 00:00:00.000000,62.16924285888672,62.16924285888672,61.98830378817785,62.12400636567955,5325500,BND
2023-10-30 00:00:00.000000,62.015445709228516,62.09686310905374,61.87069446226898,61.97020921902382,5905300,BND
2023-10-31 00:00:00.000000,61.99736022949219,62.19638978113112,61.97926977121623,62.09687500531165,9248200,BND
2023-11-01 00:00:00.000000,62.598934173583984,62.60800973651881,62.108957614496084,62.136184303300574,9330800,BND
2023-11-02 00:00:00.000000,62.96187973022461,63.06169015334215,62.807629775452455,62.99817505886972,8409100,BND
2023-11-03 00:00:00.000000,63.33390808105469,63.66962779047957,63.32483251731632,63.54259758864959,7995700,BND
2023-11-06 00:00:00.000000,63.061702728271484,63.215952713802125,63.007263185761246,63.179657377919476,7822000,BND
2023-11-07 00:00:00.000000,63.379268646240234,63.5062988412391,63.19779891699226,63.22501868411682,7986100,BND
2023-11-08 00:00:00.000000,63.57889175415039,63.651482417471534,63.3974220184742,63.40649065941934,6543700,BND
2023-11-09 00:00:00.000000,63.10708236694336,63.55168817847033,63.0798556692908,63.515392837562025,6979700,BND
2023-11-10 00:00:00.000000,63.22500228881836,63.39740333273596,63.17056276868633,63.38832777183908,4381800,BND
2023-11-13 00:00:00.000000,63.20690155029297,63.22504576193794,62.93468991721266,62.98912947477696,6058600,BND
2023-11-14 00:00:00.000000,63.97813415527344,64.03257369202574,63.878323722809725,63.95998302793817,8237100,BND
2023-11-15 00:00:00.000000,63.624267578125,63.73314665891451,63.54260134490565,63.715002452991996,6793500,BND
2023-11-16 00:00:00.000000,64.00536346435547,64.06887857424303,63.8874088096008,63.8874088096008,5623900,BND
2023-11-17 00:00:00.000000,64.0960922241211,64.15053176378805,63.95091781080015,64.06887245428761,5657300,BND
2023-11-20 00:00:00.000000,64.18682861328125,64.21404838375742,63.97813909121246,64.0416541965326,6959100,BND
2023-11-21 00:00:00.000000,64.27758026123047,64.3138756055451,64.12333023986507,64.25036048365176,5737800,BND
2023-11-22 00:00:00.000000,64.3320083618164,64.44996300517202,64.18682702603061,64.4045990297093,4949100,BND
2023-11-24 00:00:00.000000,64.02349090576172,64.15052109227109,64.01442226574389,64.10515712430401,3534800,BND
2023-11-27 00:00:00.000000,64.4136734008789,64.4136734008789,64.15053739833132,64.19590830045694,5257000,BND
2023-11-28 00:00:00.000000,64.68587493896484,64.70401914342524,64.3320041096607,64.37736808212499,7051400,BND
2023-11-29 00:00:00.000000,65.0216064453125,65.05789485695763,64.84012977395095,64.92179600672044,7615800,BND
2023-11-30 00:00:00.000000,64.81291198730469,64.89457129994594,64.69495733928042,64.88550265807072,9880000,BND
2023-12-01 00:00:00.000000,65.3415756225586,65.36887220482643,64.78652197590486,64.80472432552496,7643500,BND
2023-12-04 00:00:00.000000,65.07770538330078,65.21419525419536,64.97762021628552,65.12320432098672,11164600,BND
2023-12-05 00:00:00.000000,65.49625396728516,65.55084712026942,65.2869686439107,65.35976414266362,8393500,BND
2023-12-06 00:00:00.000000,65.68734741210938,65.79653373547666,65.55995874007291,65.65094965693297,9365200,BND
2023-12-07 00:00:00.000000,65.66914367675781,65.84203127465456,65.60544934208455,65.61455051622697,9876000,BND
2023-12-08 00:00:00.000000,65.35066986083984,65.46895735216583,65.25057777504033,65.39616878789839,7349900,BND
2023-12-11 00:00:00.000000,65.3597640991211,65.40525607919072,65.15957994876433,65.32336634976888,12895800,BND
2023-12-12 00:00:00.000000,65.5508804321289,65.56907584498332,65.32339958954468,65.39619512529109,8052300,BND
2023-12-13 00:00:00.000000,66.38800048828125,66.43349942833291,65.66916027687925,65.70555804048786,7172600,BND
2023-12-14 00:00:00.000000,66.8884506225586,66.99763695418282,66.69736760005371,66.75196076586582,9105500,BND
2023-12-15 00:00:00.000000,66.78837585449219,66.90666339183332,66.70647914236042,66.78837585449219,7996700,BND
2023-12-18 00:00:00.000000,66.65188598632812,66.70647916632606,66.60638704155366,66.6973849311026,6144200,BND
2023-12-19 00:00:00.000000,66.77926635742188,66.85206188309995,66.73376741833223,66.75196977083345,6924100,BND
2023-12-20 00:00:00.000000,66.99764251708984,67.0340402780409,66.78836406932507,66.88845617639973,7496100,BND
2023-12-21 00:00:00.000000,66.98854064941406,67.17052249126753,66.88844855374597,67.13412473446438,6912600,BND
2023-12-22 00:00:00.000000,66.9438247680664,67.1080819761857,66.8708200173209,67.09895464181345,5890700,BND
2023-12-26 00:00:00.000000,67.00769805908203,67.05332776601782,66.90731827351593,66.93469331283109,6394600,BND
2023-12-27 00:00:00.000000,67.43659210205078,67.45483980751811,67.19933015828077,67.25408023679856,7467700,BND
2023-12-28 00:00:00.000000,67.27235412597656,67.42748403417907,67.19934935901617,67.35447926721868,8166600,BND
2023-12-29 00:00:00.000000,67.11717224121094,67.26317469994743,67.05329486011766,67.11717224121094,6939800,BND
2024-01-02 00:00:00.000000,66.83431243896484,66.9438195565581,66.78868969488775,66.85256710628822,8334200,BND
2024-01-03 00:00:00.000000,66.88908386230469,66.93470661619226,66.5058123493694,66.6244468261349,6477200,BND
2024-01-04 00:00:00.000000,66.58792877197266,66.66093351554919,66.50579669492016,66.5788014384967,5056900,BND
2024-01-05 00:00:00.000000,66.38715362548828,66.77041799613015,66.33240356171484,66.39628095682183,6223400,BND
2024-01-08 00:00:00.000000,66.67916107177734,66.77954082333419,66.42365150858296,66.46015386934123,7937500,BND
2024-01-09 00:00:00.000000,66.67003631591797,66.743041040254,66.56965656048436,66.59703855369565,5649400,BND
2024-01-10 00:00:00.000000,66.55144500732422,66.8343297651307,66.55144500732422,66.78870700922634,6578400,BND
2024-01-11 00:00:00.000000,66.898193359375,66.94382306796119,66.56055857945496,66.6518110345113,7537300,BND
2024-01-12 00:00:00.000000,67.03507995605469,67.19933717086485,66.93470016021979,67.0624549981703,4461200,BND
2024-01-16 00:00:00.000000,66.56056213378906,66.86169455534382,66.47843004637127,66.80694447180957,5724700,BND
2024-01-17 00:00:00.000000,66.40541076660156,66.46928817078971,66.27765595822527,66.39629039608532,12370300,BND
2024-01-18 00:00:00.000000,66.3141860961914,66.46019563097254,66.24118132880085,66.43282058373053,6086200,BND
2024-01-19 00:00:00.000000,66.3141860961914,66.32331343264468,66.09517875613753,66.23206095446538,7883100,BND
2024-01-22 00:00:00.000000,66.4236831665039,66.56056534405788,66.39630812341646,66.5149356308343,10321400,BND
2024-01-23 00:00:00.000000,66.2685546875,66.32330477483697,66.20467726490124,66.32330477483697,6840400,BND
2024-01-24 00:00:00.000000,66.13163757324219,66.55140426602483,66.11338291236156,66.55140426602483,7483800,BND
2024-01-25 00:00:00.000000,66.44190979003906,66.45103712221068,66.30503461803742,66.3871597212384,8361100,BND
2024-01-26 00:00:00.000000,66.34153747558594,66.45104458760429,66.29591473383145,66.45104458760429,9120500,BND
2024-01-29 00:00:00.000000,66.60617065429688,66.67004805881349,66.44191347666631,66.52404554653906,7677600,BND
2024-01-30 00:00:00.000000,66.72479248046875,66.77954254195845,66.49665794144349,66.76129484216642,6688100,BND
2024-01-31 00:00:00.000000,67.00769805908203,67.15370058946812,66.87081590039045,66.98032301976687,9916600,BND
2024-02-01 00:00:00.000000,67.41218566894531,67.56776464747605,67.17423683089893,67.27490722460041,12060800,BND
2024-02-02 00:00:00.000000,66.80819702148438,66.93632177225864,66.68922603355836,66.83565132775382,7820000,BND
2024-02-05 00:00:00.000000,66.27738189697266,66.45126845716094,66.21331952989398,66.42381415445212,7577100,BND
2024-02-06 00:00:00.000000,66.58853912353516,66.65260148308143,66.3505902242461,66.37804452372686,8310500,BND
2024-02-07 00:00:00.000000,66.46043395996094,66.68007540270844,66.45128019668275,66.48788826751993,9257500,BND
2024-02-08 00:00:00.000000,66.2865219116211,66.40549285944428,66.24991385484329,66.35058426541403,7987500,BND
2024-02-09 00:00:00.000000,66.23162078857422,66.25907508868622,66.15840466675976,66.19501272766699,5940700,BND
2024-02-12 00:00:00.000000,66.24993133544922,66.34144801040473,66.17671520257491,66.30483994396758,6063000,BND
2024-02-13 00:00:00.000000,65.67337036132812,65.89301177888748,65.65506283687122,65.87471123670535,12938800,BND
2024-02-14 00:00:00.000000,65.92046356201172,65.97537216873276,65.71912269433525,65.73743021809194,6915700,BND
2024-02-15 00:00:00.000000,66.1034927368164,66.20415617139862,65.99366855962673,66.17670187266954,6733900,BND
2024-02-16 00:00:00.000000,65.89300537109375,65.90215913243205,65.76488064145411,65.81064246587145,5029200,BND
2024-02-20 00:00:00.000000,65.97537994384766,66.08520415250688,65.93877885656991,66.00284123271895,7605000,BND
2024-02-21 00:00:00.000000,65.79234313964844,66.04859263085146,65.7648888344874,66.04859263085146,6625600,BND
2024-02-22 00:00:00.000000,65.81978607177734,65.91130273392594,65.74656994914898,65.82893983267434,11884200,BND
2024-02-23 00:00:00.000000,66.05775451660156,66.12181689728021,65.82895930242412,65.82895930242412,6147200,BND
2024-02-26 00:00:00.000000,65.93876647949219,66.07603798670542,65.82894229144759,66.07603798670542,5255800,BND
2024-02-27 00:00:00.000000,65.83808898925781,65.99366800225755,65.8106346907606,65.91129812449263,5534300,BND
2024-02-28 00:00:00.000000,65.98451232910156,66.01196662680287,65.85638761831339,65.89299567600617,5255300,BND
2024-02-29 00:00:00.000000,66.09435272216797,66.22247746439879,66.04859089325349,66.07604519769227,6002900,BND
2024-03-01 00:00:00.000000,66.37152099609375,66.41741118710063,65.90346765489198,66.02277935076582,6366800,BND
2024-03-04 00:00:00.000000,66.21546936035156,66.28889082509087,66.16957919442542,66.19711049323861,26404700,BND
2024-03-05 00:00:00.000000,66.57342529296875,66.64684679635724,66.43576172458033,66.49082435119172,6208600,BND
2024-03-06 00:00:00.000000,66.6927261352539,66.82121025783802,66.63766351182058,66.64684294967931,28955300,BND
2024-03-07 00:00:00.000000,66.80284881591797,66.85791143146477,66.6835441482804,66.84873199492078,7495500,BND
2024-03-08 00:00:00.000000,66.8670883178711,66.96804111042916,66.82119813875987,66.9129784969823,7187700,BND
2024-03-11 00:00:00.000000,66.83956909179688,66.9129905909018,66.77532703054496,66.90381115304879,5626200,BND
2024-03-12 00:00:00.000000,66.6376724243164,66.73862524868585,66.5826097935187,66.72944580959941,4699400,BND
2024-03-13 00:00:00.000000,66.52753448486328,66.64684617722618,66.50918261011662,66.57342467451977,6123200,BND
2024-03-14 00:00:00.000000,66.13288879394531,66.35315325588134,66.12371635942512,66.35315325588134,5214000,BND
2024-03-15 00:00:00.000000,66.09617614746094,66.17877706877357,66.05029297060567,66.10535558357527,4783900,BND
2024-03-18 00:00:00.000000,66.01359558105469,66.11454839315824,65.98606426900092,66.08701708110448,5284200,BND
2024-03-19 00:00:00.000000,66.18798065185547,66.25222272437648,66.0962002609448,66.12373857933446,4560100,BND
2024-03-20 00:00:00.000000,66.30726623535156,66.43575034334057,66.10536063655206,66.23384474454106,5287200,BND
2024-03-21 00:00:00.000000,66.3623275756836,66.48163924641973,66.29808552292515,66.44492850172081,5492900,BND
2024-03-22 00:00:00.000000,66.5826187133789,66.64686079186937,66.52754907334322,66.63768135155318,4169400,BND
2024-03-25 00:00:00.000000,66.45410919189453,66.53670311763112,66.4082190096906,66.53670311763112,7950500,BND
2024-03-26 00:00:00.000000,66.50918579101562,66.52753766663999,66.3715222173221,66.48165447664896,7603100,BND
2024-03-27 00:00:00.000000,66.73860931396484,66.76614062279023,66.55505558536423,66.60094576797908,7825200,BND
2024-03-28 00:00:00.000000,66.6560287475586,66.76616101836191,66.60096611308741,66.66520818725745,5326400,BND
2024-04-01 00:00:00.000000,66.20128631591797,66.44982122418811,66.14605945752191,66.41300097767609,6157500,BND
2024-04-02 00:00:00.000000,66.12764739990234,66.1368542174359,65.88832632598283,65.98037343308603,9043000,BND
2024-04-03 00:00:00.000000,66.17369842529297,66.18290524616017,65.86993654139522,65.95278388370673,5419200,BND
2024-04-04 00:00:00.000000,66.31175994873047,66.33016656419339,66.15527913768712,66.33016656419339,12412900,BND
2024-04-05 00:00:00.000000,65.9803695678711,66.21049083352037,65.9803695678711,66.06320985258785,11531700,BND
2024-04-08 00:00:00.000000,65.92514038085938,65.9987738459789,65.87911332025915,65.91593356419064,13873100,BND
2024-04-09 00:00:00.000000,66.16445922851562,66.2104862875828,66.10002555946751,66.10923237582959,8886200,BND
2024-04-10 00:00:00.000000,65.3912582397461,65.72263341675315,65.36364481211943,65.70421978317302,8196500,BND
2024-04-11 00:00:00.000000,65.3912582397461,65.5661526450397,65.27159771244936,65.52933240062296,16574100,BND
2024-04-12 00:00:00.000000,65.53852844238281,65.67660259535451,65.52932864886301,65.59376231721738,12479100,BND
2024-04-15 00:00:00.000000,65.10591125488281,65.22557178425814,65.01385713087015,65.21636496730814,8079200,BND
2024-04-16 00:00:00.000000,64.94021606445312,64.99544291420337,64.82054852633716,64.91259561683516,14378900,BND
2024-04-17 00:00:00.000000,65.25318908691406,65.29921615165335,65.04148144369915,65.14272834518623,6568500,BND
2024-04-18 00:00:00.000000,65.07830047607422,65.25319491039896,65.02307361165366,65.24398809208063,6349500,BND
2024-04-19 00:00:00.000000,65.16114044189453,65.2439807291767,65.10591358370642,65.21636730008264,8338300,BND
2024-04-22 00:00:00.000000,65.18875122070312,65.24397807664596,65.09670411988385,65.13352436476029,5938300,BND
2024-04-23 00:00:00.000000,65.30841827392578,65.45569926814517,65.08750380534106,65.15193748462595,6044400,BND
2024-04-24 00:00:00.000000,65.1427230834961,65.20715675528022,65.01385573992783,65.20715675528022,4616600,BND
2024-04-25 00:00:00.000000,64.9586410522461,64.97704766645634,64.77454681916419,64.84818029875005,5367500,BND
2024-04-26 00:00:00.000000,65.10591125488281,65.1979583561518,65.07829080403282,65.07829080403282,4256600,BND
2024-04-29 00:00:00.000000,65.29920196533203,65.33602220457541,65.18874124760191,65.2163546713488,4799500,BND
2024-04-30 00:00:00.000000,65.05068969726562,65.2071705013365,64.99546283059236,65.10592358668387,6605800,BND
2024-05-01 00:00:00.000000,65.28520202636719,65.48832498387836,65.09131385167252,65.18364054761159,8119200,BND
2024-05-02 00:00:00.000000,65.5437240600586,65.5714213663206,65.22981186365456,65.26674395336254,6014800,BND
2024-05-03 00:00:00.000000,65.87611389160156,66.06077436275794,65.71915777417618,65.9684406051414,7256900,BND
2024-05-06 00:00:00.000000,65.94073486328125,65.98690173618591,65.86687068426411,65.92227234056487,5584300,BND
2024-05-07 00:00:00.000000,66.06997680664062,66.2269399080453,66.02381698958256,66.14384096682235,4635400,BND
2024-05-08 00:00:00.000000,65.91304779052734,65.98691198101228,65.91304779052734,65.94074510093996,6774500,BND
2024-05-09 00:00:00.000000,66.08847045898438,66.12540255253755,65.88534746648018,65.92227956003337,4525200,BND
2024-05-10 00:00:00.000000,65.90380859375,65.99614234771333,65.87611128519157,65.97767277929009,5562000,BND
2024-05-13 00:00:00.000000,65.9592056274414,66.10692694408145,65.94997084387767,66.10692694408145,5600500,BND
2024-05-14 00:00:00.000000,66.15308380126953,66.19924362394704,66.05152232967417,66.13461423693862,4272500,BND
2024-05-15 00:00:00.000000,66.57779693603516,66.62396380606616,66.42084084845035,66.49469797879442,4208200,BND
2024-05-16 00:00:00.000000,66.46700286865234,66.62396600549428,66.44854034647568,66.59626165611587,4359500,BND
2024-05-17 00:00:00.000000,66.30078887939453,66.4669796973506,66.29156114356091,66.4115851060563,4373500,BND
2024-05-20 00:00:00.000000,66.23616790771484,66.29156955010788,66.22694017071105,66.26386520687434,3699600,BND
2024-05-21 00:00:00.000000,66.37467956542969,66.41161165574813,66.33774747511124,66.41161165574813,4612300,BND
2024-05-22 00:00:00.000000,66.29155731201172,66.36541441477759,66.21769316517312,66.23615567984639,4306200,BND
2024-05-23 00:00:00.000000,66.09769439697266,66.33774946922058,66.02383725819159,66.31005216166817,3589900,BND
2024-05-24 00:00:00.000000,66.17155456542969,66.1900241320616,66.0422957753093,66.07922786449737,4025200,BND
2024-05-28 00:00:00.000000,65.8576431274414,66.2361847188205,65.83917356059804,66.2361847188205,4743400,BND
2024-05-29 00:00:00.000000,65.6175765991211,65.74683536813099,65.52524991326754,65.73760058632325,4877500,BND
2024-05-30 00:00:00.000000,65.90380859375,65.94074068652004,65.7930193595163,65.84841397663315,3723200,BND
2024-05-31 00:00:00.000000,66.14384460449219,66.18077668661418,66.0515179212244,66.06075270277351,4193000,BND
2024-06-03 00:00:00.000000,66.51337432861328,66.52263742850202,66.24480095723939,66.28184629111941,4798900,BND
2024-06-04 00:00:00.000000,66.76344299316406,66.80975144184076,66.59674953555333,66.64305091855277,5298400,BND
2024-06-05 00:00:00.000000,66.94863891601562,66.95790201462404,66.68006558176376,66.84676602834513,5506400,BND
2024-06-06 00:00:00.000000,66.95790100097656,66.98568323070721,66.83750191791191,66.83750191791191,4119700,BND
2024-06-07 00:00:00.000000,66.4207534790039,66.52262636381072,66.41149038065589,66.52262636381072,3826500,BND
2024-06-10 00:00:00.000000,66.31890106201172,66.3559464011632,66.25407348491564,66.32816416321857,3925100,BND
2024-06-11 00:00:00.000000,66.58745574951172,66.61523797964493,66.36519084277205,66.38370997430286,4073200,BND
2024-06-12 00:00:00.000000,66.89307403564453,67.21721182816337,66.8838109370943,67.06903051405536,4495700,BND
2024-06-13 00:00:00.000000,67.18942260742188,67.27276928868031,67.04124130873147,67.10606886049023,4339600,BND
2024-06-14 00:00:00.000000,67.29130554199219,67.35613310344081,67.23573401384031,67.29130554199219,3527000,BND
2024-06-17 00:00:00.000000,67.04124450683594,67.05977070289262,66.94863472357324,67.02272537645283,4019000,BND
2024-06-18 00:00:00.000000,67.27278137207031,67.36539116754957,67.11534401318812,67.12460711243838,8491900,BND
2024-06-20 00:00:00.000000,67.14311981201172,67.17090204142612,67.0042015992659,67.05051002540577,4227800,BND
2024-06-21 00:00:00.000000,67.16165161132812,67.30983295038716,67.07830490736377,67.2727876156224,4115300,BND
2024-06-24 00:00:00.000000,67.19869232177734,67.2172185207224,67.10608252407602,67.18017318850694,31937200,BND
2024-06-25 00:00:00.000000,67.2357406616211,67.24500376150799,67.12461172567828,67.20795842763539,5958500,BND
2024-06-26 00:00:00.000000,66.92086029052734,66.97642475382276,66.89307805887964,66.9579056212824,5910600,BND
2024-06-27 00:00:00.000000,67.04124450683594,67.10607206168719,67.01346227842448,67.05050760486428,5514800,BND
2024-06-28 00:00:00.000000,66.72637176513672,67.18942776054871,66.72637176513672,67.18942776054871,4824500,BND
2024-07-01 00:00:00.000000,66.37430572509766,66.66228865025867,66.32786189597896,66.49507527311881,4960000,BND
2024-07-02 00:00:00.000000,66.56938171386719,66.64369324433153,66.48577149690126,66.597249423718,6080100,BND
2024-07-03 00:00:00.000000,66.95026397705078,66.97813169179227,66.70873197026658,66.75518288644557,4438600,BND
2024-07-05 00:00:00.000000,67.25679779052734,67.30324160187364,67.08958447737412,67.1267437788984,4201700,BND
2024-07-08 00:00:00.000000,67.25679779052734,67.30324160187364,67.15461148318859,67.24750619329325,4742300,BND
2024-07-09 00:00:00.000000,67.22894287109375,67.27538669127222,67.08030563673044,67.22894287109375,8533200,BND
2024-07-10 00:00:00.000000,67.28468322753906,67.3218425388566,67.18249689326935,67.2753916278562,5591500,BND
2024-07-11 00:00:00.000000,67.61910247802734,67.7584481082333,67.60051928071286,67.65626178524315,4978100,BND
2024-07-12 00:00:00.000000,67.79561614990234,67.79561614990234,67.62840278959489,67.67484661403836,4656800,BND
2024-07-15 00:00:00.000000,67.5819320678711,67.7305692723149,67.56335596102161,67.63766747583152,4557200,BND
2024-07-16 00:00:00.000000,67.84205627441406,67.85134787376164,67.63768361324934,67.64697521259693,4636600,BND
2024-07-17 00:00:00.000000,67.90709686279297,67.94425618019402,67.71201576199881,67.7584666806039,8365100,BND
2024-07-18 00:00:00.000000,67.7305908203125,67.91638029756282,67.69343150737959,67.79561784609155,7673700,BND
2024-07-19 00:00:00.000000,67.55406951904297,67.80488596141706,67.53548632336339,67.80488596141706,5593100,BND
2024-07-22 00:00:00.000000,67.5262222290039,67.67485240231517,67.4426119979919,67.65627628843176,5055700,BND
2024-07-23 00:00:00.000000,67.5354995727539,67.65626910612666,67.52621506050518,67.56337437174189,6981700,BND
2024-07-24 00:00:00.000000,67.3404312133789,67.66556638879487,67.3404312133789,67.61912255654417,5080200,BND
2024-07-25 00:00:00.000000,67.48906707763672,67.63769726011787,67.41474844268858,67.41474844268858,4567700,BND
2024-07-26 00:00:00.000000,67.75845336914062,67.77702948048423,67.66555155018146,67.71200245966105,3692700,BND
2024-07-29 00:00:00.000000,67.84205627441406,67.94424260499642,67.77702925380835,67.86063947310923,5185000,BND
2024-07-30 00:00:00.000000,67.92567443847656,67.97211826581929,67.78632878161933,67.94425055193075,4282400,BND
2024-07-31 00:00:00.000000,68.2972640991211,68.2972640991211,67.9907121109405,68.16721002233767,6041400,BND
2024-08-01 00:00:00.000000,68.55256652832031,68.65506515806833,68.43143501546996,68.48734077385103,8733700,BND
2024-08-02 00:00:00.000000,69.33529663085938,69.36324951566984,68.95325491424852,69.07438645145233,6476300,BND
2024-08-05 00:00:00.000000,69.27005767822266,69.69869223797053,69.13029326642973,69.68937224082605,8354200,BND
2024-08-06 00:00:00.000000,68.84142303466797,69.21414468168005,68.84142303466797,69.19551179841281,6484400,BND
2024-08-07 00:00:00.000000,68.67369079589844,68.84141516242032,68.57119217696432,68.77618941483254,5907200,BND
2024-08-08 00:00:00.000000,68.57119750976562,68.60847038401069,68.45938599610429,68.48733887451962,4357500,BND
2024-08-09 00:00:00.000000,68.8134765625,68.89734231769673,68.77620368342087,68.8600694386176,6093100,BND
2024-08-12 00:00:00.000000,68.93460845947266,68.97187422583484,68.71097120685502,68.77619696159998,4822900,BND
2024-08-13 00:00:00.000000,69.19549560546875,69.20480849038594,69.08367700481037,69.13026986568615,4049000,BND
2024-08-14 00:00:00.000000,69.32598114013672,69.4005269105282,69.1955295964896,69.24211537117732,6333600,BND
2024-08-15 00:00:00.000000,69.0370864868164,69.0370864868164,68.86936924374578,68.91595499713006,5108300,BND
2024-08-16 00:00:00.000000,69.18617248535156,69.18617248535156,68.99981526841381,69.1582196137181,4647700,BND
2024-08-19 00:00:00.000000,69.27005767822266,69.3446034372288,69.14892615164383,69.17687903400241,4964700,BND
2024-08-20 00:00:00.000000,69.47505950927734,69.4936995047866,69.33529508833445,69.40983374314554,4444000,BND
2024-08-21 00:00:00.000000,69.6241455078125,69.73595703568725,69.41914822794246,69.55891974686065,4541800,BND
2024-08-22 00:00:00.000000,69.34459686279297,69.49368836667016,69.2607382236677,69.47504837414841,3999700,BND
2024-08-23 00:00:00.000000,69.6520767211914,69.68002959446402,69.40049375266531,69.49367236659822,4292000,BND
2024-08-26 00:00:00.000000,69.57754516601562,69.74526954890537,69.57754516601562,69.74526954890537,4427200,BND
2024-08-27 00:00:00.000000,69.57754516601562,69.60549804498491,69.40982078312588,69.42846077515475,3715900,BND
2024-08-28 00:00:00.000000,69.53096771240234,69.63346635358671,69.51232771814617,69.57755347989307,5179900,BND
2024-08-29 00:00:00.000000,69.42845916748047,69.47504492832589,69.34459342344057,69.42845916748047,3840800,BND
2024-08-30 00:00:00.000000,69.28868103027344,69.54958401505456,69.25140815972283,69.46572538812056,5037400,BND
2024-09-03 00:00:00.000000,69.58402252197266,69.68683360675288,69.4718701609362,69.54664315545733,6220100,BND
2024-09-04 00:00:00.000000,69.89244842529297,69.92048651260313,69.60271201542852,69.62140169672048,7338600,BND
2024-09-05 00:00:00.000000,70.06071472167969,70.08875282125261,69.84575120445551,70.03267662210676,9994300,BND
2024-09-06 00:00:00.000000,70.14481353759766,70.43454998077506,69.97657786364894,70.09807863287762,22536000,BND
2024-09-09 00:00:00.000000,70.23827362060547,70.29434979960095,70.04199986337623,70.12611413186946,5040900,BND
2024-09-10 00:00:00.000000,70.47195434570312,70.4906440338825,70.22894561488857,70.26633212199444,5653900,BND
2024-09-11 00:00:00.000000,70.4345474243164,70.57474500264267,70.31304665949766,70.35977443177639,6471000,BND
2024-09-12 00:00:00.000000,70.35978698730469,70.46259808770733,70.27567270374597,70.40652189866819,5685400,BND
2024-09-13 00:00:00.000000,70.50931549072266,70.58408134729412,70.43454250340665,70.52800517217938,4786700,BND
2024-09-16 00:00:00.000000,70.69625091552734,70.72428900708532,70.50932555131054,70.56540173442646,4734900,BND
2024-09-17 00:00:00.000000,70.60279846191406,70.71495797514046,70.56541195750526,70.69626115756276,5398400,BND
2024-09-18 00:00:00.000000,70.38780212402344,70.72427341000693,70.37846084939456,70.49061319089306,5695700,BND
2024-09-19 00:00:00.000000,70.38780212402344,70.42518861477093,70.25695297177919,70.30368786789955,5135600,BND
2024-09-20 00:00:00.000000,70.37846374511719,70.46257800470195,70.22891777597412,70.30369076054566,4265000,BND
2024-09-23 00:00:00.000000,70.33174133300781,70.43455242235956,70.14481596913858,70.26631674257902,6632500,BND
2024-09-24 00:00:00.000000,70.4158706665039,70.44391589475298,70.16352065823888,70.21025557457358,5017900,BND
2024-09-25 00:00:00.000000,70.1541519165039,70.31304630754235,70.1541519165039,70.31304630754235,4793100,BND
2024-09-26 00:00:00.000000,70.1541519165039,70.25696299804554,70.02330274558636,70.22892490866964,4919700,BND
2024-09-27 00:00:00.000000,70.35978698730469,70.40652189866819,70.23828620080442,70.3130592066875,3927900,BND
2024-09-30 00:00:00.000000,70.20087432861328,70.34107188129276,70.12610134975174,70.33172347624914,5661900,BND
2024-10-01 00:00:00.000000,70.40805053710938,70.54866183958445,70.35180887683451,70.42679537327169,6267100,BND
2024-10-02 00:00:00.000000,70.27682495117188,70.30494578519972,70.08934080467132,70.16433446327154,6902500,BND
2024-10-03 00:00:00.000000,69.96746826171875,70.16432121453198,69.96746826171875,70.14557637931587,7733800,BND
2024-10-04 00:00:00.000000,69.50816345214844,69.64877478544994,69.4706666198154,69.5269082924202,5218300,BND
2024-10-07 00:00:00.000000,69.30191802978516,69.38628051870349,69.26442120633664,69.31129402359424,7044200,BND
2024-10-08 00:00:00.000000,69.4050521850586,69.4050521850586,69.19882317351255,69.2550648487379,8642400,BND
2024-10-09 00:00:00.000000,69.2175521850586,69.31129782471493,69.18006251134189,69.31129782471493,4997800,BND
2024-10-10 00:00:00.000000,69.18944549560547,69.2269423287744,69.01134447779013,69.17070065491583,4579000,BND
2024-10-11 00:00:00.000000,69.19881439208984,69.29255288949982,69.11445188995754,69.20819038736752,8508000,BND
2024-10-14 00:00:00.000000,69.15193176269531,69.15193176269531,68.97383078840531,68.99257562451398,3380100,BND
2024-10-15 00:00:00.000000,69.42378997802734,69.45191081278509,69.2269369829341,69.35817231299626,4456200,BND
2024-10-16 00:00:00.000000,69.51752471923828,69.59251121622718,69.47065190080573,69.49877273115007,7437800,BND
2024-10-17 00:00:00.000000,69.18006896972656,69.3581699677664,69.14257214072111,69.3581699677664,4250400,BND
2024-10-18 00:00:00.000000,69.2175521850586,69.34879465021983,69.2175521850586,69.27380099921002,3930300,BND
2024-10-21 00:00:00.000000,68.74884796142578,69.03944655156027,68.73010312583051,69.03944655156027,5259900,BND
2024-10-22 00:00:00.000000,68.7769775390625,68.88946085882067,68.69260789745599,68.85196403497199,4633000,BND
2024-10-23 00:00:00.000000,68.60823822021484,68.77697033396355,68.50512375338023,68.76759434103664,6429400,BND
2024-10-24 00:00:00.000000,68.72073364257812,68.8426001167497,68.5894983256152,68.69261281062727,6219500,BND
2024-10-25 00:00:00.000000,68.58013153076172,68.88009900017582,68.55200354618252,68.88009900017582,4641400,BND
2024-10-28 00:00:00.000000,68.49577331542969,68.69262632961555,68.38328281369927,68.65512949570542,4582800,BND
2024-10-29 00:00:00.000000,68.55200958251953,68.56138557820486,68.23329724711041,68.33641174428142,5543800,BND
2024-10-30 00:00:00.000000,68.48638916015625,68.83322946866326,68.44889233071315,68.68324215089083,4610300,BND
2024-10-31 00:00:00.000000,68.47700500488281,68.58011947484727,68.27077606495389,68.38325937634251,6115700,BND
2024-11-01 00:00:00.000000,68.21184539794922,68.71962673927558,68.18363651912789,68.68201250945354,6409800,BND
2024-11-04 00:00:00.000000,68.48454284667969,68.65380329295596,68.36229480681415,68.47513749572525,6860100,BND
2024-11-05 00:00:00.000000,68.65380096435547,68.67260449144584,68.26826050428821,68.26826050428821,6236900,BND
2024-11-06 00:00:00.000000,68.08959197998047,68.25884522170821,67.92033156407327,67.94854043769456,6382500,BND
2024-11-07 00:00:00.000000,68.59738159179688,68.6726100546136,68.1742340432697,68.1742340432697,6590200,BND
2024-11-08 00:00:00.000000,68.72901916503906,68.8700707215237,68.6067783089818,68.6067783089818,5398500,BND
2024-11-11 00:00:00.000000,68.59738159179688,68.64440117460259,68.50334960036652,68.64440117460259,4372000,BND
2024-11-12 00:00:00.000000,68.18363189697266,68.47513319060667,68.13661231933736,68.39990473606233,7197800,BND
2024-11-13 00:00:00.000000,68.15540313720703,68.56914516814017,68.08958005222824,68.56914516814017,5458100,BND
2024-11-14 00:00:00.000000,68.13660430908203,68.38109317051851,68.08959191115389,68.26825050196796,6643300,BND
2024-11-15 00:00:00.000000,68.15540313720703,68.32466352346366,67.89210362311368,68.02374979307126,18467300,BND
2024-11-18 00:00:00.000000,68.22123718261719,68.27765492904074,68.01436254682501,68.08018564237895,4964800,BND
2024-11-19 00:00:00.000000,68.34349060058594,68.43752258665462,68.32468707304447,68.41871905911316,4900500,BND
2024-11-20 00:00:00.000000,68.26826477050781,68.35289858315464,68.17423278081873,68.18363813204192,6557800,BND
2024-11-21 00:00:00.000000,68.23064422607422,68.39990466152443,68.17422647231757,68.2682584533054,5115500,BND
2024-11-22 00:00:00.000000,68.25885009765625,68.33407854880647,68.19302699644479,68.28706614747256,10409500,BND
2024-11-25 00:00:00.000000,68.88888549804688,68.89828367463647,68.65380194805617,68.65380194805617,10207100,BND
2024-11-26 00:00:00.000000,68.76664733886719,68.81366692529191,68.58798869365285,68.81366692529191,5537900,BND
2024-11-27 00:00:00.000000,68.95470428466797,69.03933091375558,68.84186160503765,68.84186160503765,5366600,BND
2024-11-29 00:00:00.000000,69.20860290527344,69.2368117863474,69.11457091029978,69.11457091029978,3870800,BND
2024-12-02 00:00:00.000000,69.24913787841797,69.3057342777649,69.01333993642173,69.12652553913348,6212800,BND
2024-12-03 00:00:00.000000,69.08880615234375,69.37176659859641,69.04164367930728,69.3528987309886,6249200,BND
2024-12-04 00:00:00.000000,69.32462310791016,69.37178559386058,68.93791087187485,69.04166258417773,6769700,BND
2024-12-05 00:00:00.000000,69.33404541015625,69.38120069220905,69.1831312372261,69.21142584565455,6146200,BND
2024-12-06 00:00:00.000000,69.52266693115234,69.59812400242328,69.39062065441941,69.54153479696126,4880500,BND
2024-12-09 00:00:00.000000,69.31517028808594,69.4660844452259,69.29630961643498,69.4660844452259,5432900,BND
2024-12-10 00:00:00.000000,69.23971557617188,69.29630478316083,69.15482456970585,69.21141377669481,5751900,BND
2024-12-11 00:00:00.000000,69.08880615234375,69.4094879418459,69.0605115469151,69.4094879418459,4642900,BND
2024-12-12 00:00:00.000000,68.81527709960938,69.05107506412119,68.7869824952252,68.86243957090485,6880600,BND
2024-12-13 00:00:00.000000,68.54175567626953,68.76812692008282,68.5134610697887,68.76812692008282,5171400,BND
2024-12-16 00:00:00.000000,68.61720275878906,68.74924903378032,68.52288501893564,68.61720275878906,7871100,BND
2024-12-17 00:00:00.000000,68.62666320800781,68.70211311145403,68.57950072186699,68.60779533515745,6084800,BND
2024-12-18 00:00:00.000000,68.08902740478516,68.68323572729813,68.0795934706548,68.6266465144826,7962700,BND
2024-12-19 00:00:00.000000,67.900390625,68.02301019144075,67.7966389284658,67.94755310378244,7669100,BND
2024-12-20 00:00:00.000000,68.10789489746094,68.29653761904244,68.0890342232948,68.19278592116862,6696400,BND
2024-12-23 00:00:00.000000,67.89096069335938,68.10789081519565,67.85323215130445,68.0324337310858,7605400,BND
2024-12-24 00:00:00.000000,67.9884262084961,67.9884262084961,67.77079158243983,67.79917807980775,4185300,BND
2024-12-26 00:00:00.000000,68.0357437133789,68.05466563902455,67.78025079136474,67.78025079136474,8714400,BND
2024-12-27 00:00:00.000000,67.89378356933594,68.06410972629787,67.8843189996849,68.02625866704507,9018700,BND
2024-12-30 00:00:00.000000,68.15875244140625,68.20606808327538,68.0357418796412,68.0357418796412,8054500,BND
2021-01-04 00:00:00.000000,314.5779724121094,320.20090180381123,311.1819409836434,320.1359436520665,5402600,VOO
2021-01-05 00:00:00.000000,316.64715576171875,317.6956607781289,313.9841546338351,313.9934141439455,3299700,VOO
2021-01-06 00:00:00.000000,318.5677795410156,321.50916007369443,314.82843892736554,315.2831176008984,4805000,VOO
2021-01-07 00:00:00.000000,323.3277893066406,324.0144370700493,320.61840618575025,320.8039644683028,3638900,VOO
2021-01-08 00:00:00.000000,325.146484375,325.332042678674,321.63911245863073,324.64542315364935,3758500,VOO
2021-01-11 00:00:00.000000,323.0216064453125,324.58971978189004,322.15868821390535,322.30712351511414,2975000,VOO
2021-01-12 00:00:00.000000,323.0494689941406,323.9680576205201,321.01741729851057,323.179356972846,2298400,VOO
2021-01-13 00:00:00.000000,323.856689453125,324.8124009850004,322.27002878334997,323.00303073037753,3039900,VOO
2021-01-14 00:00:00.000000,322.7618408203125,325.0536968698574,322.48346088501626,324.6175937894487,3497400,VOO
2021-01-15 00:00:00.000000,320.4607238769531,322.0288375329848,318.7534343998482,321.2958071199383,3622100,VOO
2021-01-19 00:00:00.000000,322.9937744140625,323.4484247801982,321.3792502532528,322.71539450938633,3433800,VOO
2021-01-20 00:00:00.000000,327.38262939453125,328.199165186214,324.728916388104,325.05367880296075,2920600,VOO
2021-01-21 00:00:00.000000,327.6888122558594,328.31976137229054,326.89082387734095,327.96716383177346,2580800,VOO
2021-01-22 00:00:00.000000,326.5196533203125,327.577445858659,325.6752825177385,326.0371678545001,1812200,VOO
2021-01-25 00:00:00.000000,327.8465576171875,328.1713200221444,322.8731536798772,327.27127877691333,3549000,VOO
2021-01-26 00:00:00.000000,327.354736328125,329.0713130888282,327.1691780642744,328.68162091316634,2430200,VOO
2021-01-27 00:00:00.000000,319.412109375,324.34841779216623,317.3243878246815,324.32987046122736,5010400,VOO
2021-01-28 00:00:00.000000,322.0937194824219,325.7495545392352,320.655494160821,321.01737952653656,3432200,VOO
2021-01-29 00:00:00.000000,315.6449890136719,321.2493704348373,314.15112159187305,320.4049995073481,5803600,VOO
2021-02-01 00:00:00.000000,320.8318176269531,321.83394001181125,316.777002226497,318.8461768246529,3334000,VOO
2021-02-02 00:00:00.000000,325.4433898925781,326.9279979346465,323.8288938669707,323.8752763646897,2955200,VOO
2021-02-03 00:00:00.000000,325.76812744140625,327.3547881838715,324.645404906864,326.3341467796737,3392800,VOO
2021-02-04 00:00:00.000000,329.4146728515625,329.43324850234677,326.53827863408054,326.72383692613766,1988300,VOO
2021-02-05 00:00:00.000000,330.7322692871094,331.37250627425124,329.69305224031115,331.15908450635703,2091800,VOO
2021-02-08 00:00:00.000000,333.172607421875,333.172607421875,331.307566675233,332.10555515575527,3371100,VOO
2021-02-09 00:00:00.000000,332.9034729003906,333.4137935619522,331.96630873353666,332.38386441411524,1891200,VOO
2021-02-10 00:00:00.000000,332.77362060546875,334.6015100115302,330.6023648135803,334.52729235548105,2400000,VOO
2021-02-11 00:00:00.000000,333.31182861328125,334.12836454023994,331.1034778062465,333.766479079478,2237200,VOO
2021-02-12 00:00:00.000000,335.009765625,335.1396819139988,332.51377582332486,332.59730961856167,2144500,VOO
2021-02-16 00:00:00.000000,334.69427490234375,336.23455306260126,334.01694328007403,336.0304191301204,4408500,VOO
2021-02-17 00:00:00.000000,334.7685852050781,334.9355961865118,332.10558406266506,333.1355134313845,3211800,VOO
2021-02-18 00:00:00.000000,333.33953857421875,333.97048762022786,330.7785910954887,332.40237451234293,3010500,VOO
2021-02-19 00:00:00.000000,332.7272033691406,334.69429685669394,332.30967596840975,334.47161557630415,2487100,VOO
2021-02-22 00:00:00.000000,330.1105651855469,332.3560384549499,329.9157190769356,330.17552332726376,3291000,VOO
2021-02-23 00:00:00.000000,330.5280456542969,331.77139630622304,324.32055190099,328.1805201106353,5251100,VOO
2021-02-24 00:00:00.000000,334.18402099609375,334.5737132890706,328.65388469748086,329.5353504283396,3301200,VOO
2021-02-25 00:00:00.000000,326.16705322265625,334.28597051013725,324.8309091408793,333.1354130072601,7049200,VOO
2021-02-26 00:00:00.000000,324.3762512207031,328.90429180083305,322.6318393595184,327.97641556118464,7579500,VOO
2021-03-01 00:00:00.000000,332.2910461425781,333.4694671311143,328.9321385671225,328.978521054128,3721100,VOO
2021-03-02 00:00:00.000000,329.7209167480469,332.76435050593795,329.5446179494292,332.53238138318244,5462600,VOO
2021-03-03 00:00:00.000000,325.3691101074219,329.9899443229719,325.2763168131586,329.11773832666483,6317600,VOO
2021-03-04 00:00:00.000000,321.3607177734375,327.5589254991085,317.25951983045326,325.2113992755199,6604500,VOO
2021-03-05 00:00:00.000000,327.2526550292969,328.21765419350027,317.88109986666734,324.5432441009108,8721300,VOO
2021-03-08 00:00:00.000000,325.6474609375,330.6951103154049,325.36910937187713,328.12490313769456,5663500,VOO
2021-03-09 00:00:00.000000,330.2033996582031,332.60659635252443,328.6816969498392,329.16418252731205,6075100,VOO
2021-03-10 00:00:00.000000,332.2447204589844,333.8870515479728,331.14054524072174,332.45811391553735,7231400,VOO
2021-03-11 00:00:00.000000,335.75213623046875,337.5243838439669,334.18402259120984,334.64796086752204,3340700,VOO
2021-03-12 00:00:00.000000,336.225341796875,336.3088756071038,333.72937986378344,334.49950496100155,4847300,VOO
2021-03-15 00:00:00.000000,338.17376708984375,338.44285912854167,334.4530026162177,336.5128890052612,3154800,VOO
2021-03-16 00:00:00.000000,337.7934265136719,339.398663043196,337.0511366446507,338.78626115880894,3698400,VOO
2021-03-17 00:00:00.000000,338.8974914550781,339.6490689056087,335.53858416919405,336.6613064333824,5011600,VOO
2021-03-18 00:00:00.000000,333.9148254394531,338.45215394664825,333.36738184357205,336.5685662699082,5067500,VOO
2021-03-19 00:00:00.000000,333.3210754394531,335.1211580615849,331.38181700974263,333.7107677006735,5382800,VOO
2021-03-22 00:00:00.000000,335.9561767578125,337.28303306302683,333.81278478276244,333.840619938937,3417600,VOO
2021-03-23 00:00:00.000000,333.4880065917969,336.76340862341624,332.65292362965005,335.4550997122206,4954600,VOO
2021-03-24 00:00:00.000000,331.6416015625,336.1417795336044,331.6416015625,334.69429458780064,4099000,VOO
2021-03-25 00:00:00.000000,333.506591796875,334.2581693798122,328.5981462621943,330.3982003413795,5487300,VOO
2021-03-26 00:00:00.000000,338.9472961425781,339.28249588513904,334.04944707274046,334.62675446252246,3322600,VOO
2021-03-29 00:00:00.000000,338.7424621582031,339.5711694032835,336.2469630135433,337.6064600481123,3143300,VOO
2021-03-30 00:00:00.000000,337.87646484375,338.44448009394114,336.3959424289114,337.59713171506024,3696200,VOO
2021-03-31 00:00:00.000000,339.2173156738281,340.6326792819528,338.36999572387913,338.36999572387913,7470300,VOO
2021-04-01 00:00:00.000000,342.81158447265625,342.9326383063775,340.8282339143441,340.98654163914716,5132000,VOO
2021-04-05 00:00:00.000000,347.7559814453125,348.31467614828534,345.2791233813677,345.35363116384036,3764100,VOO
2021-04-06 00:00:00.000000,347.5604248046875,348.55673189282345,347.01105071567315,347.3555710412931,3583500,VOO
2021-04-07 00:00:00.000000,347.99810791015625,348.3239871227985,347.0576389162944,347.4487337544175,2768900,VOO
2021-04-08 00:00:00.000000,349.6927490234375,349.70206960011774,348.30534708491336,349.15269548743777,3949400,VOO
2021-04-09 00:00:00.000000,352.20684814453125,352.3465147077082,349.4878825769912,349.57171093128864,2627500,VOO
2021-04-12 00:00:00.000000,352.3651123046875,352.5792582029579,351.1173487174989,351.6946844679182,2747500,VOO
2021-04-13 00:00:00.000000,353.3242492675781,353.9481027427071,351.8995934428725,352.3185931463787,2985500,VOO
2021-04-14 00:00:00.000000,352.1882629394531,354.31128011487675,351.69475543338865,353.3335572634252,3691100,VOO
2021-04-15 00:00:00.000000,355.96868896484375,356.2014760381443,354.09707180226235,354.1436178503661,3573800,VOO
2021-04-16 00:00:00.000000,357.2164306640625,357.7006175552968,355.8755748245309,357.1512434624373,3252500,VOO
2021-04-19 00:00:00.000000,355.45654296875,356.71359885709893,354.18087434430083,356.2759580194187,3945700,VOO
2021-04-20 00:00:00.000000,352.8493957519531,354.91654644664607,351.4806063944349,354.2926644822226,4106700,VOO
2021-04-21 00:00:00.000000,356.1642761230469,356.3225838600932,352.1044825893309,352.2348285936087,3640100,VOO
2021-04-22 00:00:00.000000,352.8958740234375,356.7415209280955,351.936792441261,355.9966136780829,3965000,VOO
2021-04-23 00:00:00.000000,356.65765380859375,357.9891887649497,353.3334482884172,353.43588935542095,3781100,VOO
2021-04-26 00:00:00.000000,357.4305114746094,357.97991388377375,356.92771193867503,357.3094860861418,3125200,VOO
2021-04-27 00:00:00.000000,357.31878662109375,357.91473508468687,356.3690257256773,357.7471352354463,3370600,VOO
2021-04-28 00:00:00.000000,357.1512756347656,358.6504393252335,356.85330132883,357.65410372398276,3960400,VOO
2021-04-29 00:00:00.000000,359.5350036621094,360.11231110421903,356.45290483428414,359.79572406875224,4209900,VOO
2021-04-30 00:00:00.000000,357.1606140136719,358.2686829307787,356.37845273390144,357.4772010733602,5219200,VOO
2021-05-03 00:00:00.000000,357.9706115722656,359.367333853892,357.5236502122457,359.01349299592465,4180800,VOO
2021-05-04 00:00:00.000000,355.79180908203125,356.5925830656191,352.39312310761454,356.1828754965854,5485600,VOO
2021-05-05 00:00:00.000000,355.8570556640625,357.4772450560436,355.1773069892066,357.3003245573332,4410700,VOO
2021-05-06 00:00:00.000000,358.752685546875,358.8364854534623,354.0876251655194,355.94062893243995,4737300,VOO
2021-05-07 00:00:00.000000,361.3134765625,361.91871727899616,358.79936476611147,359.441859371491,3516600,VOO
2021-05-10 00:00:00.000000,357.7751159667969,361.9000960516193,357.6447415669597,361.6673089802448,5942700,VOO
2021-05-11 00:00:00.000000,354.6371154785156,355.4565305004417,350.99635075944155,353.60355454157923,7081500,VOO
2021-05-12 00:00:00.000000,347.06689453125,353.15658357519465,346.50819990267445,352.0112894238235,7707400,VOO
2021-05-13 00:00:00.000000,351.1919250488281,352.95178070367876,348.40780049667103,348.44502597192337,7179100,VOO
2021-05-14 00:00:00.000000,356.583251953125,357.3654131131874,353.65943265862404,353.65943265862404,5167900,VOO
2021-05-17 00:00:00.000000,355.7265930175781,356.39702094739414,353.83636305685116,355.60553918885705,3781600,VOO
2021-05-18 00:00:00.000000,352.6538391113281,356.13632498815724,352.4769186443497,355.93147120620296,3128300,VOO
2021-05-19 00:00:00.000000,351.7227478027344,351.8251605021347,346.9645639927782,348.30542016200747,5086300,VOO
2021-05-20 00:00:00.000000,355.4751892089844,356.6204834479506,352.39309056500974,352.5048238159926,4776700,VOO
2021-05-21 00:00:00.000000,355.20513916015625,357.9799712929851,354.77681890354194,356.84396924305014,3567500,VOO
2021-05-24 00:00:00.000000,358.7900695800781,359.7956972403171,357.0395062304111,357.27229330528405,2962500,VOO
2021-05-25 00:00:00.000000,358.035888671875,360.13097262041185,357.50512725164424,359.7957444121207,4031800,VOO
2021-05-26 00:00:00.000000,358.6876525878906,359.1904806599865,357.6261582316803,358.5759193310677,2642700,VOO
2021-05-27 00:00:00.000000,358.8459777832031,360.149579870258,358.7901111520718,359.6840056665674,3015900,VOO
2021-05-28 00:00:00.000000,359.5443115234375,360.60580584994517,359.36739106628755,360.3823393425524,3370100,VOO
2021-06-01 00:00:00.000000,359.264892578125,361.8628039771025,358.84589294370124,361.7510707412561,4389000,VOO
2021-06-02 00:00:00.000000,359.87017822265625,360.57783155443445,358.92970941694887,359.84224491240695,3209200,VOO
2021-06-03 00:00:00.000000,358.50146484375,359.5257053799662,356.3505142514642,357.71930357531835,3391000,VOO
2021-06-04 00:00:00.000000,361.7511291503906,362.0304622851082,360.13094013624436,360.17748618656657,2628100,VOO
2021-06-07 00:00:00.000000,361.4438171386719,361.92800398327654,360.5871482728759,361.7696962826314,2500600,VOO
2021-06-08 00:00:00.000000,361.499755859375,362.29120927128974,359.8329922561917,362.2167299020298,2386600,VOO
2021-06-09 00:00:00.000000,360.9317626953125,362.33780596774324,360.73622947466583,362.2912314947539,2968100,VOO
2021-06-10 00:00:00.000000,362.59844970703125,363.4830235099802,360.8944324669131,362.08630111084926,2611800,VOO
2021-06-11 00:00:00.000000,363.231689453125,363.3341305574593,361.9653412219038,363.1478895039761,2241500,VOO
2021-06-14 00:00:00.000000,364.1441345214844,364.1441345214844,362.2166509215829,363.34333229048303,2252200,VOO
2021-06-15 00:00:00.000000,363.3806457519531,364.26524805627923,362.59848454326135,364.21867358866626,2405000,VOO
2021-06-16 00:00:00.000000,361.38800048828125,363.6879382276953,359.4419036959146,363.5389794865756,4194300,VOO
2021-06-17 00:00:00.000000,361.2575988769531,362.1328805323709,358.9576614915707,360.9316912960822,4065300,VOO
2021-06-18 00:00:00.000000,356.46221923828125,358.8459567481342,356.18285768260614,358.29658262995014,5211100,VOO
2021-06-21 00:00:00.000000,361.4531555175781,361.63939655198885,357.2350546773444,358.02653644900164,4389800,VOO
2021-06-22 00:00:00.000000,363.3713684082031,364.1628502878646,360.7920973863657,361.50907147553886,2705400,VOO
2021-06-23 00:00:00.000000,362.9801940917969,364.2093165220087,362.8684608556663,363.4737014956321,2404200,VOO
2021-06-24 00:00:00.000000,365.0566711425781,365.4943119700367,364.70285866659043,364.90771242447295,2987800,VOO
2021-06-25 00:00:00.000000,366.4068298339844,366.797924595214,365.51293548653103,365.8481352106802,2862800,VOO
2021-06-28 00:00:00.000000,367.17041015625,367.2914639837453,365.78297984463984,366.90036918848284,2418500,VOO
2021-06-29 00:00:00.000000,367.33197021484375,368.0607281904656,366.86481693527145,367.5094907421031,2927600,VOO
2021-06-30 00:00:00.000000,367.6683349609375,368.2382768321721,366.9209010616657,366.9209010616657,3795900,VOO
2021-07-01 00:00:00.000000,369.7425231933594,369.8453117566867,368.31303508728007,368.39711926848736,3414500,VOO
2021-07-02 00:00:00.000000,372.5548095703125,372.83509018494044,370.4806474837296,370.7796324811852,4363100,VOO
2021-07-06 00:00:00.000000,371.85406494140625,372.7790194461918,369.33142545754697,372.5734708325975,4331300,VOO
2021-07-07 00:00:00.000000,373.13409423828125,373.40505118811177,370.6208067185757,372.4800965998236,4747800,VOO
2021-07-08 00:00:00.000000,370.1629943847656,370.80766832471824,367.20122943507175,368.30373307223,5817100,VOO
2021-07-09 00:00:00.000000,374.06842041015625,374.3300251816569,371.3122323734138,371.5084288238439,3332200,VOO
2021-07-12 00:00:00.000000,375.4230651855469,375.6192615776907,373.6011560058922,374.0029009797777,2929200,VOO
2021-07-13 00:00:00.000000,374.1524353027344,376.058428863658,373.8908305796881,374.7317008671385,4313100,VOO
2021-07-14 00:00:00.000000,374.6663818359375,376.1238981739781,373.5545544544759,375.6473925782714,3332200,VOO
2021-07-15 00:00:00.000000,373.46112060546875,374.07776652386747,371.6765911702803,373.4797964771362,4483900,VOO
2021-07-16 00:00:00.000000,370.55535888671875,374.5448666608437,370.11626211912636,374.5074864100441,4516600,VOO
2021-07-19 00:00:00.000000,365.01495361328125,366.491174242875,362.44561005524156,366.042696739053,12336200,VOO
2021-07-20 00:00:00.000000,370.17236328125,371.38695070864406,364.3890019439093,365.6409696266513,4043100,VOO
2021-07-21 00:00:00.000000,373.2835693359375,373.36765352069864,371.1720269871173,371.36825193100543,2996600,VOO
2021-07-22 00:00:00.000000,374.0777587890625,374.2459271689355,372.5081302180198,373.45176069138324,2575700,VOO
2021-07-23 00:00:00.000000,377.81500244140625,378.1606914082582,375.19892619613836,375.75019231995185,3151900,VOO
2021-07-26 00:00:00.000000,378.77728271484375,378.7866349059338,377.29173848319545,377.38517485576244,2374300,VOO
2021-07-27 00:00:00.000000,377.09552001953125,377.8803627523428,374.4701204281695,377.8803627523428,3626100,VOO
2021-07-28 00:00:00.000000,376.8899841308594,378.169979716338,375.6286644143215,377.61874219842707,3763700,VOO
2021-07-29 00:00:00.000000,378.51568603515625,379.44999275515505,377.78692793406833,377.79625161257906,2274200,VOO
2021-07-30 00:00:00.000000,376.665771484375,377.9551193988146,376.0304497190158,376.1425619702227,5204500,VOO
2021-08-02 00:00:00.000000,375.89959716796875,378.73054529157463,375.5352323863603,378.1886599582568,5814700,VOO
2021-08-03 00:00:00.000000,378.93609619140625,379.01085669403915,374.5822520910864,376.6003294577346,4129600,VOO
2021-08-04 00:00:00.000000,377.12359619140625,378.2634230720771,376.8432870543271,377.74956575660156,3880200,VOO
2021-08-05 00:00:00.000000,379.4779968261719,379.50602488548884,377.81493211022183,378.1139170847868,3052800,VOO
2021-08-06 00:00:00.000000,380.13201904296875,380.43100403693103,379.4873736368566,379.7396261870744,2486900,VOO
2021-08-09 00:00:00.000000,379.76763916015625,380.30952449150277,379.0388810868131,380.02924389128515,1984400,VOO
2021-08-10 00:00:00.000000,380.24420166015625,380.88887565001687,379.543471541854,380.1787933393805,2400700,VOO
2021-08-11 00:00:00.000000,381.1597595214844,381.2625480867935,380.1787488757075,381.1971397736675,3554400,VOO
2021-08-12 00:00:00.000000,382.2715759277344,382.4397442886112,380.23479418970834,381.02896057755225,2319300,VOO
2021-08-13 00:00:00.000000,383.02838134765625,383.02838134765625,382.29962323439054,382.72942486197246,2253800,VOO
2021-08-16 00:00:00.000000,383.9440002441406,384.0094085566613,380.4029698429831,381.8604860240781,3379100,VOO
2021-08-17 00:00:00.000000,381.41204833984375,382.1781581921212,378.6838601305518,381.58021670892083,5186300,VOO
2021-08-18 00:00:00.000000,377.3103942871094,381.89784336224153,377.0301136970916,380.46835532759854,4878300,VOO
2021-08-19 00:00:00.000000,377.843017578125,378.90811250677314,374.59161963946804,374.7411121494641,5505700,VOO
2021-08-20 00:00:00.000000,380.8327331542969,381.1223944576167,377.70282857825373,378.0952214177347,3263600,VOO
2021-08-23 00:00:00.000000,384.20562744140625,385.0091175698209,382.34636611090014,382.3650419815216,3259400,VOO
2021-08-24 00:00:00.000000,384.81292724609375,385.2707284422168,384.32709798720356,384.8409553088609,3006500,VOO
2021-08-25 00:00:00.000000,385.5229187011719,386.0648039579429,384.62599239113536,384.9903571212735,3261400,VOO
2021-08-26 00:00:00.000000,383.2713623046875,385.5510733303851,383.2526864320378,385.3174966147422,4707600,VOO
2021-08-27 00:00:00.000000,386.672119140625,387.1112443869413,384.01869179516433,384.08410010079706,3882200,VOO
2021-08-30 00:00:00.000000,388.4473571777344,389.19479112196666,387.1673615790286,387.4196141198321,2811800,VOO
2021-08-31 00:00:00.000000,387.7839050292969,388.6901834832432,387.3447798296987,388.353846826243,6062900,VOO
2021-09-01 00:00:00.000000,388.1950378417969,389.222780798347,387.8867292112191,388.71824725371795,3256400,VOO
2021-09-02 00:00:00.000000,389.3536682128906,390.01701803207015,388.20446062801926,389.4190480166894,2835500,VOO
2021-09-03 00:00:00.000000,389.20416259765625,389.6619637727239,387.88678668263077,388.2791795433234,3740000,VOO
2021-09-07 00:00:00.000000,387.7652893066406,388.9425248142758,387.19537593407205,388.9238204330268,3542500,VOO
2021-09-08 00:00:00.000000,387.3916931152344,387.98031105255075,385.5604594868608,387.2982567181899,4012600,VOO
2021-09-09 00:00:00.000000,385.65380859375,388.73703814959197,385.46696434092314,387.120677116706,3887800,VOO
2021-09-10 00:00:00.000000,382.6733703613281,387.83076219622217,382.5239063631055,387.44769298292164,4035500,VOO
2021-09-13 00:00:00.000000,383.5702819824219,385.59771156156506,381.48676776932126,385.42019100690374,4738300,VOO
2021-09-14 00:00:00.000000,381.5802001953125,385.10252616595943,380.72062549148694,384.9530336734342,3657700,VOO
2021-09-15 00:00:00.000000,384.76611328125,385.17721042612686,380.9167750271959,381.93516570021336,3891400,VOO
2021-09-16 00:00:00.000000,384.10284423828125,385.1119115215295,381.41206467943914,384.25233674368025,3351500,VOO
2021-09-17 00:00:00.000000,380.3375549316406,383.79450109077015,380.0479221386775,383.39275605701835,5396100,VOO
2021-09-20 00:00:00.000000,374.12445068359375,376.18928916133524,369.5837334964678,374.7597724400774,10942700,VOO
2021-09-21 00:00:00.000000,373.76007080078125,377.36648107843723,373.1994810624033,376.20794986182705,6418100,VOO
2021-09-22 00:00:00.000000,377.3664855957031,379.18839513904595,374.89993063520427,375.75015318791236,6004800,VOO
2021-09-23 00:00:00.000000,381.9258728027344,383.36471303317455,378.83332005965514,379.0575445324804,4098000,VOO
2021-09-24 00:00:00.000000,382.5611877441406,383.1871857367839,380.2160974730896,380.42164607381676,3417700,VOO
2021-09-27 00:00:00.000000,381.4773864746094,382.66397414553194,380.81403674940725,381.58952722119096,3546600,VOO
2021-09-28 00:00:00.000000,373.8534851074219,379.20704408532555,373.0966704719804,378.9080591074693,8234300,VOO
2021-09-29 00:00:00.000000,374.442138671875,376.62622869572215,373.87971046023307,375.0420697259696,4724200,VOO
2021-09-30 00:00:00.000000,369.69903564453125,376.373111124636,369.6427956853619,375.745088711816,9511200,VOO
2021-10-01 00:00:00.000000,374.1234130859375,375.74507479870437,368.17110303976636,371.41442646530015,8482200,VOO
2021-10-04 00:00:00.000000,369.5209655761719,373.95474012461085,367.41188110198715,373.18608913962083,8820400,VOO
2021-10-05 00:00:00.000000,373.1111145019531,375.2764389544734,370.0646591303834,370.7864244124604,5523200,VOO
2021-10-06 00:00:00.000000,374.77020263671875,374.9670424872782,368.4429499835954,369.93336606468796,6590000,VOO
2021-10-07 00:00:00.000000,377.9947509765625,380.61937760654547,377.61980840174846,377.8260311088389,4409200,VOO
2021-10-08 00:00:00.000000,377.2823486328125,379.0633759646469,376.7668061565144,378.73529047687293,3960900,VOO
2021-10-11 00:00:00.000000,374.535888671875,379.3914627333225,374.535888671875,376.73871585613404,3695700,VOO
2021-10-12 00:00:00.000000,373.7860412597656,375.81076590163985,372.95176740091455,375.46391462820105,6201300,VOO
2021-10-13 00:00:00.000000,374.98583984375,375.773227918696,371.90188176216196,374.6108972280073,6492400,VOO
2021-10-14 00:00:00.000000,381.2850036621094,381.463106424987,377.96670260347736,378.4166509422667,3785200,VOO
2021-10-15 00:00:00.000000,384.25640869140625,384.5657570777548,382.7097525785239,383.30968362702606,3501600,VOO
2021-10-18 00:00:00.000000,385.4280700683594,385.69053271500616,382.0066728011228,382.63472374467926,3402700,VOO
2021-10-19 00:00:00.000000,388.4277038574219,388.4277038574219,386.3280024887533,386.8904020651569,2838300,VOO
2021-10-20 00:00:00.000000,389.93682861328125,390.152434172695,388.68075530715174,388.76511523745705,3208200,VOO
2021-10-21 00:00:00.000000,390.8929443359375,391.1085212776516,388.95258022281797,389.36502559776943,2579500,VOO
2021-10-22 00:00:00.000000,390.49932861328125,391.82102497717904,388.7277125382958,390.4899457505373,3648900,VOO
2021-10-25 00:00:00.000000,392.5240478515625,392.889636218192,389.88065515932755,391.4835799273804,2511500,VOO
2021-10-26 00:00:00.000000,392.8988952636719,395.1298419481423,392.62704977023026,393.9487457960623,3085300,VOO
2021-10-27 00:00:00.000000,391.1929931640625,393.967631681715,391.1461360606137,393.3770834255505,2873500,VOO
2021-10-28 00:00:00.000000,395.0174255371094,395.0455455163793,392.52401581879565,392.55213579806554,3643600,VOO
2021-10-29 00:00:00.000000,395.720458984375,396.05789874018376,392.63650105334125,392.89896373217687,4637400,VOO
2021-11-01 00:00:00.000000,396.5546875,397.04213860190066,394.89555155756244,396.68593313706106,3937300,VOO
2021-11-02 00:00:00.000000,398.092041015625,398.3451208547702,396.5172648039214,396.6484818517522,2989200,VOO
2021-11-03 00:00:00.000000,400.49163818359375,400.8759636096896,397.1546007250313,397.5764289895054,3562900,VOO
2021-11-04 00:00:00.000000,402.3664245605469,402.47890448196205,400.76352846780634,401.0541111335579,4287300,VOO
2021-11-05 00:00:00.000000,403.7349548339844,405.6565820691023,402.4132586204503,404.52234284509893,4942900,VOO
2021-11-08 00:00:00.000000,404.2224426269531,405.2629105411933,403.53815160703283,404.83172795922525,3511600,VOO
2021-11-09 00:00:00.000000,402.8070068359375,404.70986853622225,401.5134304729905,404.5317657844374,4696000,VOO
2021-11-10 00:00:00.000000,399.56365966796875,402.81633727091537,398.2044606562594,401.27903553060185,6350700,VOO
2021-11-11 00:00:00.000000,399.6949462890625,401.0260255546636,399.6855920323336,400.9135456235995,3634600,VOO
2021-11-12 00:00:00.000000,402.66644287109375,403.2288711581814,400.00431282558935,400.87606093711514,3655500,VOO
2021-11-15 00:00:00.000000,402.85382080078125,404.01617999422575,401.80397012769754,403.95994003718806,3122300,VOO
2021-11-16 00:00:00.000000,404.39111328125,405.4972038859469,402.57261176207084,402.61946885643005,3267000,VOO
2021-11-17 00:00:00.000000,403.416259765625,404.3723962734053,402.9194543943164,404.23176777076503,3764900,VOO
2021-11-18 00:00:00.000000,404.8130187988281,405.1036301212116,401.94466588068735,404.4193390056751,4732200,VOO
2021-11-19 00:00:00.000000,404.0537414550781,405.87224340863503,403.425718930485,404.82239250890973,4886200,VOO
2021-11-22 00:00:00.000000,402.985107421875,408.1406471207426,402.8070046710474,405.8159571037167,4868300,VOO
2021-11-23 00:00:00.000000,403.5100402832031,404.2786912635031,400.2948650587954,402.66641221993456,6795200,VOO
2021-11-24 00:00:00.000000,404.50360107421875,404.7098237847299,400.92283792183673,401.71960878546093,4569600,VOO
2021-11-26 00:00:00.000000,395.70172119140625,399.80738124483867,394.5393619531579,398.56069067406855,7702500,VOO
2021-11-29 00:00:00.000000,400.4822998046875,402.1133444830375,397.96077001150593,399.9854944145599,6300800,VOO
2021-11-30 00:00:00.000000,392.8146057128906,399.91050954439606,392.4115431338316,398.1951049584589,8657600,VOO
2021-12-01 00:00:00.000000,388.2964782714844,400.4635617804057,388.043398449033,397.8857920323849,8337000,VOO
2021-12-02 00:00:00.000000,394.2207336425781,395.62679010038823,388.09970234049644,388.4652907505471,10417700,VOO
2021-12-03 00:00:00.000000,390.7336730957031,396.68598388834494,386.91856675924373,395.6829901840354,10228900,VOO
2021-12-06 00:00:00.000000,395.4017028808594,397.1264614808878,390.8835693859978,393.1426361334286,7289500,VOO
2021-12-07 00:00:00.000000,403.5287780761719,404.10058918413137,400.20112291861045,400.23862576330174,4731900,VOO
2021-12-08 00:00:00.000000,404.66302490234375,405.0754703826985,402.3570719150089,403.9599967344149,4476500,VOO
2021-12-09 00:00:00.000000,401.9071350097656,404.306802098515,401.76650649716174,403.5006482918244,5035400,VOO
2021-12-10 00:00:00.000000,405.7409362792969,405.844033331141,402.0851960627548,404.41924008441526,6238300,VOO
2021-12-13 00:00:00.000000,402.1414489746094,405.56284661305284,401.89772341689314,405.28161821423726,5923900,VOO
2021-12-14 00:00:00.000000,399.4043273925781,401.4196689248926,396.6953406107205,399.13248184628947,6522900,VOO
2021-12-15 00:00:00.000000,405.647216796875,405.8628223807842,397.1359024546623,399.4230609063397,6871300,VOO
2021-12-16 00:00:00.000000,401.9820861816406,407.5688080807085,400.5854128584453,407.34384824510283,7159500,VOO
2021-12-17 00:00:00.000000,397.8108825683594,401.93530914495034,396.1986033440393,399.1794361847022,8882700,VOO
2021-12-20 00:00:00.000000,393.50823974609375,393.90194805820306,390.22744203489765,393.12394290202803,9903400,VOO
2021-12-21 00:00:00.000000,400.49188232421875,400.64241479491204,394.6870941509772,396.69101639482824,6916700,VOO
2021-12-22 00:00:00.000000,404.537353515625,404.6314399022164,400.143803502035,400.26611293349043,4992200,VOO
2021-12-23 00:00:00.000000,407.030517578125,408.404086960289,405.3652717813082,405.4029120785431,5032700,VOO
2021-12-27 00:00:00.000000,412.83526611328125,412.84468336511804,408.2629606574306,408.2911837018075,4986300,VOO
2021-12-28 00:00:00.000000,412.5248107910156,414.1335817356103,411.75334263330035,413.27744444514093,4865800,VOO
2021-12-29 00:00:00.000000,413.0234069824219,413.90776725276896,411.6404204925073,412.5435865539419,4596700,VOO
2021-12-30 00:00:00.000000,411.8567810058594,414.2934659804141,411.43343537966126,413.38091139356555,3751800,VOO
2021-12-31 00:00:00.000000,410.7279052734375,412.4307627609404,410.5585669921815,411.3488410158456,5185600,VOO
2022-01-03 00:00:00.000000,413.24920654296875,413.268012334749,409.8529092585864,412.00733521829187,6017300,VOO
2022-01-04 00:00:00.000000,413.0799255371094,415.14029411235157,411.3394277332611,414.5005238584272,6262200,VOO
2022-01-05 00:00:00.000000,405.167724609375,413.39978135990987,405.0454151724425,412.8070686800897,7539600,VOO
2022-01-06 00:00:00.000000,404.6220397949219,407.20925762457335,402.57108855154337,404.73496069029676,7971500,VOO
2022-01-07 00:00:00.000000,403.2202453613281,405.82626897196883,401.9125392853991,404.7443472634209,6157500,VOO
2022-01-10 00:00:00.000000,402.6933898925781,402.84392237224966,394.9223193074521,400.2002585036257,10481500,VOO
2022-01-11 00:00:00.000000,406.22137451171875,406.38132422799777,399.6357299019148,402.3640626408929,7282400,VOO
2022-01-12 00:00:00.000000,407.43505859375,409.28844845962,405.61930902521954,407.89604456940424,8270300,VOO
2022-01-13 00:00:00.000000,401.81842041015625,408.98736060628283,400.86819675568995,408.3946479786903,7521300,VOO
2022-01-14 00:00:00.000000,401.9407043457031,402.26996359692185,397.78232767581636,398.8548606884189,9960800,VOO
2022-01-18 00:00:00.000000,394.89410400390625,399.8239494986111,392.6267569344421,397.6036312688449,10681500,VOO
2022-01-19 00:00:00.000000,390.7450866699219,397.52832108997603,390.50049654376977,396.2394209909949,8184100,VOO
2022-01-20 00:00:00.000000,386.4456481933594,396.7851013991012,386.00346803446337,392.47622069611856,8907600,VOO
2022-01-21 00:00:00.000000,378.8533630371094,387.5464057088911,378.82513999120624,385.457814178655,16225900,VOO
2022-01-24 00:00:00.000000,380.4339294433594,380.9137499580714,363.94159222923815,373.7448088403439,22970700,VOO
2022-01-25 00:00:00.000000,375.8144836425781,380.3303711943756,369.48287549935725,374.60086416471614,16836300,VOO
2022-01-26 00:00:00.000000,374.9677734375,384.0371603573403,370.9975695251067,381.64750420911747,14377300,VOO
2022-01-27 00:00:00.000000,373.0673828125,381.93918039076686,371.4491946347254,379.07912085795135,12455200,VOO
2022-01-28 00:00:00.000000,382.2120056152344,382.27784024076914,370.019134370427,374.27159754408706,12096800,VOO
2022-01-31 00:00:00.000000,389.2022399902344,389.465664659561,380.4151107998873,381.65698226005685,9200400,VOO
2022-02-01 00:00:00.000000,391.74237060546875,392.35388899190957,386.57732421054214,389.81370035760915,8154900,VOO
2022-02-02 00:00:00.000000,395.4774169921875,396.2488852332131,391.8835578878371,394.17912810529003,6726500,VOO
2022-02-03 00:00:00.000000,386.2856750488281,391.7799806767916,385.53304145474647,390.0489004414988,7658300,VOO
2022-02-04 00:00:00.000000,388.1014709472656,391.6012721305549,383.90548217041464,386.0505197530026,8210000,VOO
2022-02-07 00:00:00.000000,386.82196044921875,390.0771425337358,385.6365352050728,388.76943657570644,5620900,VOO
2022-02-08 00:00:00.000000,389.9548645019531,390.8674479261563,385.11913417669706,386.4080344466146,5565700,VOO
2022-02-09 00:00:00.000000,395.6749267578125,395.95715717354364,393.58633554800997,393.7744795881204,6284500,VOO
2022-02-10 00:00:00.000000,388.722412109375,395.8913528488146,386.80318757407315,390.368823439183,9260500,VOO
2022-02-11 00:00:00.000000,380.9700927734375,390.62277427859976,379.6811927790004,388.6941042009398,10458600,VOO
2022-02-14 00:00:00.000000,379.72833251953125,381.9580394339961,376.5484018085029,380.4903835229272,10167600,VOO
2022-02-15 00:00:00.000000,385.82470703125,386.00346254258807,383.3409643754781,384.0183461260402,6815000,VOO
2022-02-16 00:00:00.000000,386.2856750488281,387.50874052812486,382.2684422781594,384.03716280649564,7743800,VOO
2022-02-17 00:00:00.000000,378.072509765625,383.8302700202111,377.4798257512069,383.3692552830357,7541000,VOO
2022-02-18 00:00:00.000000,375.6545715332031,379.4366026839505,373.50011697551236,378.34526388422796,10570800,VOO
2022-02-22 00:00:00.000000,371.54327392578125,376.67065154880845,368.3351206753994,373.54716742859046,10414700,VOO
2022-02-23 00:00:00.000000,364.8541259765625,374.7420103817676,364.449586117131,374.19632659409154,12154900,VOO
2022-02-24 00:00:00.000000,370.4613342285156,370.8376797659924,355.1544240879389,355.39904294507204,21277200,VOO
2022-02-25 00:00:00.000000,378.55224609375,378.6933613038888,370.11321199387413,371.57147906165847,11665200,VOO
2022-02-28 00:00:00.000000,377.6020812988281,379.0039025008673,372.5593722636751,373.6695170378286,11855900,VOO
2022-03-01 00:00:00.000000,371.9383850097656,378.12890697163016,369.5393402627201,376.3319633685839,9124400,VOO
2022-03-02 00:00:00.000000,378.7686462402344,380.17985578009285,373.293146334912,374.1775066101138,8185200,VOO
2022-03-03 00:00:00.000000,376.8682556152344,381.5346765331725,375.26890178988674,381.0454387774248,8745300,VOO
2022-03-04 00:00:00.000000,373.8199462890625,374.8454216407536,370.08494438447514,373.4342122870475,6317700,VOO
2022-03-07 00:00:00.000000,362.7843322753906,373.50013066186926,362.7373034411203,373.24612327677175,8411500,VOO
2022-03-08 00:00:00.000000,360.046630859375,369.4923067081955,359.04937834430484,362.92549622720145,9356100,VOO
2022-03-09 00:00:00.000000,369.642822265625,371.477406197559,365.71025847400404,367.74240370731894,5812600,VOO
2022-03-10 00:00:00.000000,367.9964599609375,368.80556848782584,363.6499384865904,365.44688236268996,6394800,VOO
2022-03-11 00:00:00.000000,363.3017883300781,370.85646227129644,362.85019094014314,370.32019575408583,5872800,VOO
2022-03-14 00:00:00.000000,360.64874267578125,367.1685245121381,359.6232670861301,364.1579610856451,6455000,VOO
2022-03-15 00:00:00.000000,368.5608825683594,369.1441779035954,361.86234604181686,363.01951946135574,5739400,VOO
2022-03-16 00:00:00.000000,376.80242919921875,376.840040788069,367.4319755709295,372.0889793378682,7407300,VOO
2022-03-17 00:00:00.000000,381.4123229980469,381.553438214684,374.7231746181216,375.0430740573425,5177500,VOO
2022-03-18 00:00:00.000000,385.62713623046875,385.99403578445674,379.3707509099892,380.06696714636564,5875000,VOO
2022-03-21 00:00:00.000000,385.64593505859375,387.3770153003317,382.3719186187731,385.5800717233053,4159500,VOO
2022-03-22 00:00:00.000000,390.12420654296875,390.9238690223068,386.8596071528663,386.8596071528663,4231700,VOO
2022-03-23 00:00:00.000000,385.10028076171875,389.1363483583152,385.0626691767887,387.7627790188966,3742600,VOO
2022-03-24 00:00:00.000000,390.82452392578125,390.9000580590935,385.90642218161383,386.92593132651155,2977300,VOO
2022-03-25 00:00:00.000000,392.8069152832031,393.03346008943475,389.11596917323146,391.55144107155746,3638000,VOO
2022-03-28 00:00:00.000000,395.5160827636719,395.5727189600094,390.5130267016459,392.22161917610185,3395300,VOO
2022-03-29 00:00:00.000000,400.5191650390625,400.92506737946275,396.70549793266053,399.2636621434399,5510600,VOO
2022-03-30 00:00:00.000000,398.0270690917969,400.254865162001,396.0824828177494,399.5468838833575,4794300,VOO
2022-03-31 00:00:00.000000,391.91015625,398.04599442047135,391.79685503904153,397.38520032513316,5876600,VOO
2022-04-01 00:00:00.000000,392.9956359863281,393.4676234347722,389.73891106893313,393.33545312145054,4663100,VOO
2022-04-04 00:00:00.000000,396.32794189453125,396.43176532525564,392.4293202167317,393.11843239385644,5117200,VOO
2022-04-05 00:00:00.000000,391.4286804199219,397.2435699283061,390.33366595329454,395.11017719092604,4112000,VOO
2022-04-06 00:00:00.000000,387.4639587402344,389.54071520069067,384.801971214524,387.74716851638567,5540700,VOO
2022-04-07 00:00:00.000000,389.41802978515625,391.0888552681152,384.8963811881157,386.65218977724425,4954100,VOO
2022-04-08 00:00:00.000000,388.47406005859375,391.01335530579405,387.0109102207644,388.77613899538204,4752800,VOO
2022-04-11 00:00:00.000000,381.74346923828125,386.14239602237035,381.29979985340145,385.6137723477685,3342800,VOO
2022-04-12 00:00:00.000000,380.3464050292969,386.7559742908429,378.8832265509416,384.5093092681032,6615800,VOO
2022-04-13 00:00:00.000000,384.6414794921875,385.3305915862941,379.9310536432869,380.016007933054,4358700,VOO
2022-04-14 00:00:00.000000,379.9687805175781,385.8780728299951,379.7988719431337,384.877461703384,3735700,VOO
2022-04-18 00:00:00.000000,380.034912109375,381.5735960508846,378.0053715124438,379.05316999069936,4305900,VOO
2022-04-19 00:00:00.000000,386.10467529296875,386.81265660011223,379.81779782859434,380.02547349766974,3841500,VOO
2022-04-20 00:00:00.000000,385.8121032714844,388.341978749608,384.8303897864356,387.80390596148254,5067100,VOO
2022-04-21 00:00:00.000000,380.091552734375,390.5035965099401,379.28916817056944,389.27644045317817,4670200,VOO
2022-04-22 00:00:00.000000,369.71728515625,379.3741606442225,369.1886614134079,379.1664849732607,6326400,VOO
2022-04-25 00:00:00.000000,371.7373352050781,371.9827779181225,363.4303669130547,367.60274899565763,8141200,VOO
2022-04-26 00:00:00.000000,361.1081848144531,369.65114657404155,361.0137815580506,369.47178902922553,8493000,VOO
2022-04-27 00:00:00.000000,362.042724609375,366.97027518018484,360.12645654338394,362.0144065121566,6415700,VOO
2022-04-28 00:00:00.000000,371.1144104003906,372.7757871023779,362.363742179003,366.4794888807459,7030200,VOO
2022-04-29 00:00:00.000000,357.4833679199219,369.51904997447446,356.82257385261727,367.60278174869035,8221900,VOO
2022-05-02 00:00:00.000000,359.72998046875,360.85331302382673,351.4701992154391,357.56829845952166,10737000,VOO
2022-05-03 00:00:00.000000,361.28759765625,363.48704694713734,358.7105352819569,360.2397703231161,5607700,VOO
2022-05-04 00:00:00.000000,372.24713134765625,372.80407319054564,358.97484396482383,361.87285438798546,7367500,VOO
2022-05-05 00:00:00.000000,359.1730651855469,368.4429072873366,355.2650233756051,368.3579529879719,10477300,VOO
2022-05-06 00:00:00.000000,356.9169921875,359.9188261010054,352.055526168867,356.8320378851745,7959600,VOO
2022-05-09 00:00:00.000000,345.4004211425781,352.6312725636765,344.07886200207827,351.4984911244888,10793200,VOO
2022-05-10 00:00:00.000000,346.287841796875,352.3104078844826,342.5780263581018,351.064353768184,7870800,VOO
2022-05-11 00:00:00.000000,340.70892333984375,350.55457664413984,340.0858963216385,345.4665658738807,8026900,VOO
2022-05-12 00:00:00.000000,340.4446105957031,343.3709391375486,334.18605113701483,337.7920428962707,7679200,VOO
2022-05-13 00:00:00.000000,348.47784423828125,349.81827272045064,343.2671121637848,344.2960415447787,5377400,VOO
2022-05-16 00:00:00.000000,347.2318115234375,350.54517347840925,344.9757259222723,347.1090901461667,4719800,VOO
2022-05-17 00:00:00.000000,354.179443359375,354.51926054297246,349.34626699927827,352.7257137446005,4513300,VOO
2022-05-18 00:00:00.000000,340.1519775390625,350.36579483862477,338.8870543863154,350.1958862377707,6883600,VOO
2022-05-19 00:00:00.000000,337.8769836425781,341.9360936532094,335.91352820873647,337.15958219197205,6359500,VOO
2022-05-20 00:00:00.000000,337.96197509765625,341.67181935597955,330.1647598957169,341.16206470536855,8755900,VOO
2022-05-23 00:00:00.000000,344.3714904785156,345.08892064084137,338.7454079852725,340.8599026011859,5254900,VOO
2022-05-24 00:00:00.000000,341.88885498046875,342.86114806790147,335.77191548199136,340.6333809191549,5567300,VOO
2022-05-25 00:00:00.000000,344.73968505859375,346.5898680113756,340.0858663669153,340.34075805654106,5704600,VOO
2022-05-26 00:00:00.000000,351.5928955078125,353.1693463214964,345.74968836743716,345.9196257493409,4248300,VOO
2022-05-27 00:00:00.000000,360.4096374511719,360.4662736455985,353.8018125616482,353.93398288719726,3911800,VOO
2022-05-31 00:00:00.000000,358.408447265625,361.40086090964775,355.80309566464524,358.9276508382481,5016500,VOO
2022-06-01 00:00:00.000000,355.4066467285156,361.20266802218134,353.14111211253044,360.2303459546263,4245800,VOO
2022-06-02 00:00:00.000000,362.156005859375,362.24096015310874,353.2354593233571,355.32163602370235,3273700,VOO
2022-06-03 00:00:00.000000,356.2939453125,359.2769099285774,355.3877373303475,357.87036751421505,2749500,VOO
2022-06-06 00:00:00.000000,357.2662658691406,361.50470495189535,356.2656545436254,359.9660208925178,2659500,VOO
2022-06-07 00:00:00.000000,360.7589416503906,361.174264150899,353.71686734580095,354.1416676227307,2649900,VOO
2022-06-08 00:00:00.000000,356.81317138671875,360.8156457652382,356.1240879378593,359.1825583224124,3436400,VOO
2022-06-09 00:00:00.000000,348.421142578125,357.2378647182235,348.34560845347556,355.1611084077815,3022000,VOO
2022-06-10 00:00:00.000000,338.19793701171875,343.31429455224844,338.16019875066405,342.5968642825494,7629700,VOO
2022-06-13 00:00:00.000000,325.1616516113281,331.18421729804356,323.84009224617904,329.55113002063894,10399700,VOO
2022-06-14 00:00:00.000000,324.34979248046875,327.8613803807281,321.4895495880838,326.9645926719652,7584200,VOO
2022-06-15 00:00:00.000000,328.9941101074219,333.07208844465043,322.8110862548712,327.3893701190403,7887600,VOO
2022-06-16 00:00:00.000000,318.1856384277344,321.74441356380544,315.8257010889482,321.4045964147781,8821900,VOO
2022-06-17 00:00:00.000000,319.016357421875,321.7727482432534,315.51418948898305,318.4121996042505,7084000,VOO
2022-06-21 00:00:00.000000,326.83245849609375,328.03129631612836,323.8872324428226,323.9627665714813,5628300,VOO
2022-06-22 00:00:00.000000,326.1434020996094,329.928751527724,322.4902230153014,322.91499453217773,4876100,VOO
2022-06-23 00:00:00.000000,329.5699768066406,330.02306634274817,324.859551054605,328.15401439064635,6708800,VOO
2022-06-24 00:00:00.000000,339.8310241699219,339.8498933004448,332.2509055331116,332.30754173251336,5458600,VOO
2022-06-27 00:00:00.000000,338.55657958984375,340.91651675247726,337.53709941102977,340.7749262842846,4608600,VOO
2022-06-28 00:00:00.000000,331.24078369140625,342.5118462014143,331.24078369140625,339.90646628216797,8797800,VOO
2022-06-29 00:00:00.000000,331.40399169921875,333.0342546346396,329.66942201885246,332.1527671844264,3775900,VOO
2022-06-30 00:00:00.000000,328.7878723144531,331.5934802448176,324.58893364478035,327.84002906120617,7159600,VOO
2022-07-01 00:00:00.000000,332.1621398925781,332.53178366191935,325.66940884084437,328.1053725618948,7481500,VOO
2022-07-05 00:00:00.000000,332.749755859375,332.7876776780032,324.9016171039273,327.4608047326945,6180600,VOO
2022-07-06 00:00:00.000000,333.9535827636719,336.1810200744174,330.7309216607893,332.91097838176796,5450900,VOO
2022-07-07 00:00:00.000000,338.85394287109375,339.612205858216,335.536491682146,335.5459793703956,3737500,VOO
2022-07-08 00:00:00.000000,338.6548767089844,340.32306093189345,335.9819521662829,337.3468485742208,4791300,VOO
2022-07-11 00:00:00.000000,334.8255310058594,337.02453365064076,334.12413646045593,336.3325978653968,3491700,VOO
2022-07-12 00:00:00.000000,331.7356262207031,336.38953971835787,330.2096125811442,334.209511968737,4080300,VOO
2022-07-13 00:00:00.000000,330.19061279296875,332.69293249444155,326.4087280302952,326.7594253537874,5603500,VOO
2022-07-14 00:00:00.000000,329.318603515625,329.8020127448869,323.2618723226683,325.4987970430196,4624800,VOO
2022-07-15 00:00:00.000000,335.5459289550781,335.64069011982156,331.55548886929785,333.3848479480125,4520500,VOO
2022-07-18 00:00:00.000000,332.7687683105469,338.96767075862516,331.6692956850985,338.35157848160793,3544900,VOO
2022-07-19 00:00:00.000000,341.8017272949219,342.256702450664,335.7734583422052,336.4369601619275,3620200,VOO
2022-07-20 00:00:00.000000,343.9912109375,345.2423417743948,340.70219441126767,341.8869982186154,4270600,VOO
2022-07-21 00:00:00.000000,347.4698486328125,347.4982827728752,341.2330528633946,343.4604613286924,4604000,VOO
2022-07-22 00:00:00.000000,344.3040771484375,348.65467440441034,342.18091742244167,347.5646603995779,4533900,VOO
2022-07-25 00:00:00.000000,344.64520263671875,345.4319285783745,342.5978870731292,344.8632169547664,3902200,VOO
2022-07-26 00:00:00.000000,340.5126647949219,343.318272528085,339.75440181597355,343.2329701123942,2987200,VOO
2022-07-27 00:00:00.000000,349.431884765625,351.0147667436687,343.32777211808553,343.5836793740293,4500300,VOO
2022-07-28 00:00:00.000000,353.84881591796875,354.4080399120292,346.891650585147,350.15223337408224,4345300,VOO
2022-07-29 00:00:00.000000,359.0335388183594,359.85815778568224,354.4270057608645,355.18529768693327,5246400,VOO
2022-08-01 00:00:00.000000,357.9529113769531,360.18983594972633,355.8581863981405,356.5027127107177,4421400,VOO
2022-08-02 00:00:00.000000,355.6402282714844,359.829707816809,354.4459655450176,356.4932813406401,4132600,VOO
2022-08-03 00:00:00.000000,361.194580078125,362.1708573222498,357.25154927806346,357.51694419124664,3854800,VOO
2022-08-04 00:00:00.000000,360.9101867675781,361.6305567399266,359.41260747997785,361.0144645442532,3410600,VOO
2022-08-05 00:00:00.000000,360.1614685058594,360.84391676491737,356.9008855932356,357.00513446051167,2852100,VOO
2022-08-08 00:00:00.000000,359.8392028808594,363.88648289272163,358.8250037243766,361.86757226794634,3450800,VOO
2022-08-09 00:00:00.000000,358.4174499511719,359.62120043013,357.4316849007715,359.25152768902495,2360500,VOO
2022-08-10 00:00:00.000000,365.92437744140625,366.08552352774984,363.1187694082483,364.91017818106184,3651000,VOO
2022-08-11 00:00:00.000000,365.92437744140625,370.27497466210394,365.2987974002372,368.5878147665444,3575400,VOO
2022-08-12 00:00:00.000000,372.1895446777344,372.2369252600765,366.90056423883175,367.71572430658665,3664400,VOO
2022-08-15 00:00:00.000000,373.7819519042969,374.17057106681546,370.0948281671982,370.12326230465675,3203900,VOO
2022-08-16 00:00:00.000000,374.43597412109375,376.1894897714486,371.9715760929635,372.729839058906,3864800,VOO
2022-08-17 00:00:00.000000,371.8768005371094,374.2558962440728,369.9337335322027,371.13748399233896,3222300,VOO
2022-08-18 00:00:00.000000,373.023681640625,373.4691691038707,370.7678391111696,371.9526431170487,3258100,VOO
2022-08-19 00:00:00.000000,367.8769226074219,370.55933524020514,367.0523035967528,370.3223744244551,2899000,VOO
2022-08-22 00:00:00.000000,360.1235046386719,363.535745535624,359.31783222988275,363.43146775464226,4153700,VOO
2022-08-23 00:00:00.000000,359.2704772949219,361.9528606941287,358.77758034213826,359.763345321828,2869200,VOO
2022-08-24 00:00:00.000000,360.3604431152344,361.6779298826483,358.4552693727496,359.13771750991776,2241200,VOO
2022-08-25 00:00:00.000000,365.61151123046875,365.61151123046875,360.84386183112935,361.84857315319397,2631300,VOO
2022-08-26 00:00:00.000000,353.0810546875,365.91482988013985,353.0810546875,365.44090831369704,5153200,VOO
2022-08-29 00:00:00.000000,350.7493591308594,353.5928886866049,349.54560869891,350.48396419602494,4953200,VOO
2022-08-30 00:00:00.000000,346.9390563964844,352.07637943160603,345.0338822474821,351.93417980637076,5044500,VOO
2022-08-31 00:00:00.000000,344.2091979980469,349.55504668719567,344.17127617678267,348.43656990396016,4062500,VOO
2022-09-01 00:00:00.000000,345.2707824707031,345.6783769718416,339.8112260922788,342.2661361566546,6126800,VOO
2022-09-02 00:00:00.000000,341.650146484375,349.8774198058714,340.0672353652359,348.7589715970263,4544200,VOO
2022-09-06 00:00:00.000000,340.503173828125,343.384625186965,338.38001436681037,342.5125967362804,5680300,VOO
2022-09-07 00:00:00.000000,346.60736083984375,347.2708627773148,339.98194485877013,340.1430620351462,4137000,VOO
2022-09-08 00:00:00.000000,348.8725891113281,349.26120822263545,343.3750822114758,344.42720301055147,3692000,VOO
2022-09-09 00:00:00.000000,354.2563781738281,355.0715094003889,350.68301990295583,350.9294394529583,2621600,VOO
2022-09-12 00:00:00.000000,358.1519470214844,358.76806812065655,355.92453908154755,356.218368101519,2961400,VOO
2022-09-13 00:00:00.000000,342.53155517578125,351.20431403588486,341.48892194691115,350.07637839636317,5549200,VOO
2022-09-14 00:00:00.000000,343.81121826171875,345.17611495811695,340.778108063971,343.6690186228535,3555500,VOO
2022-09-15 00:00:00.000000,339.97235107421875,344.9864490973707,338.7591130814237,342.32301234032957,3807500,VOO
2022-09-16 00:00:00.000000,337.2994079589844,337.8870949373875,334.29476174179456,336.06722358599546,4452300,VOO
2022-09-19 00:00:00.000000,339.8870849609375,339.8870849609375,334.35168421986987,334.3990648088693,3412600,VOO
2022-09-20 00:00:00.000000,336.057861328125,337.7924309250246,333.47972615816093,336.84458753791847,3624000,VOO
2022-09-21 00:00:00.000000,330.14324951171875,340.5600366080129,330.14324951171875,337.79235077288126,5102400,VOO
2022-09-22 00:00:00.000000,327.35662841796875,330.3613043377478,326.6931554786477,329.42291982257524,5555600,VOO
2022-09-23 00:00:00.000000,321.91595458984375,324.2381528142323,317.8212654822343,324.2381528142323,10491500,VOO
2022-09-26 00:00:00.000000,318.7976379394531,323.84017164715317,317.59388726401784,320.58907580635355,5405700,VOO
2022-09-27 00:00:00.000000,317.8970642089844,324.0106339448877,315.707520359788,322.0675674474187,5795700,VOO
2022-09-28 00:00:00.000000,324.141357421875,325.6836136464939,317.19164593211525,318.73390215673413,8683900,VOO
2022-09-29 00:00:00.000000,317.382080078125,321.113954550721,314.6688373757407,320.97115841967536,7230100,VOO
2022-09-30 00:00:00.000000,312.5458679199219,320.0572647151965,312.374512546291,316.6109821753362,7736600,VOO
2022-10-03 00:00:00.000000,320.8093566894531,322.40873158407334,314.25950248885806,315.8684068106433,5739000,VOO
2022-10-04 00:00:00.000000,330.54840087890625,330.6626377818634,325.7121879839039,325.72171741019326,5110000,VOO
2022-10-05 00:00:00.000000,329.9771728515625,331.90978690337414,324.50309875074856,326.65465717259104,4755800,VOO
2022-10-06 00:00:00.000000,326.5023193359375,331.281442443303,326.0548721337166,328.61578902787716,3879600,VOO
2022-10-07 00:00:00.000000,317.33441162109375,323.05601780607515,315.73503710103023,322.80848518280646,5168100,VOO
2022-10-10 00:00:00.000000,314.9639587402344,318.6101845835811,312.88857749616153,318.4197703736299,3933900,VOO
2022-10-11 00:00:00.000000,312.8885498046875,317.5534070043455,311.1654088537105,313.4026448835534,4968100,VOO
2022-10-12 00:00:00.000000,311.9175720214844,314.7164636809045,311.7271577887821,313.35509198179506,3235100,VOO
2022-10-13 00:00:00.000000,320.0857849121094,321.47571563951095,304.5203678698132,305.4438215637255,6396900,VOO
2022-10-14 00:00:00.000000,312.8790588378906,323.86529671883096,312.288815441109,322.37062937334827,4879400,VOO
2022-10-17 00:00:00.000000,320.8283996582031,321.8756198297318,318.41027836269734,318.51501490641664,3889500,VOO
2022-10-18 00:00:00.000000,324.60784912109375,328.44446005761256,321.5613961311919,328.13980894799664,4903300,VOO
2022-10-19 00:00:00.000000,322.3611145019531,325.2743010697322,319.78116735466875,322.7705021806097,4403200,VOO
2022-10-20 00:00:00.000000,319.7145080566406,325.988299196262,318.9719390902627,321.94224400890505,3459100,VOO
2022-10-21 00:00:00.000000,327.3971862792969,327.86369229341506,318.0960319616884,319.4002848100283,4362400,VOO
2022-10-24 00:00:00.000000,331.3861389160156,332.47144747595104,326.4166308351613,328.8728401796859,5639400,VOO
2022-10-25 00:00:00.000000,336.7746276855469,337.04119018632457,331.329111695545,331.3481414980528,5203400,VOO
2022-10-26 00:00:00.000000,334.26123046875,339.07844240094295,333.6233981048609,333.87093075222975,4277700,VOO
2022-10-27 00:00:00.000000,332.4714660644531,336.81264244065903,331.8716933060213,335.15612028567426,4145300,VOO
2022-10-28 00:00:00.000000,340.23046875,340.8016824582737,332.20500476081963,332.29068245909025,4388100,VOO
2022-10-31 00:00:00.000000,337.9169921875,339.7924587721227,337.06015733065846,338.1169067626365,6431000,VOO
2022-11-01 00:00:00.000000,336.5555725097656,341.55363997578365,335.3846152974424,341.3251661886233,8014300,VOO
2022-11-02 00:00:00.000000,327.9684143066406,339.99234079169474,327.88273663978606,335.8510792416389,5022500,VOO
2022-11-03 00:00:00.000000,324.47454833984375,327.3115572795826,322.6371703905871,324.9600842224531,4534800,VOO
2022-11-04 00:00:00.000000,329.22509765625,331.31950853824713,323.68437578043444,329.7867817631408,3655400,VOO
2022-11-07 00:00:00.000000,332.3858642578125,332.92848963884455,328.5397232385284,330.40566076044223,3316600,VOO
2022-11-08 00:00:00.000000,334.19464111328125,336.88882503492016,330.4246488339448,333.40445407845294,3237200,VOO
2022-11-09 00:00:00.000000,327.3686828613281,333.41397080091957,326.88314696814217,332.3286621110049,3570800,VOO
2022-11-10 00:00:00.000000,345.2856140136719,345.5902651611752,337.4029471541026,339.4116807358666,4603600,VOO
2022-11-11 00:00:00.000000,348.58905029296875,349.40776744931793,344.3811404512431,346.23757724529554,4877400,VOO
2022-11-14 00:00:00.000000,345.79010009765625,350.1408056886967,345.47594864820104,347.07532322440653,5274300,VOO
2022-11-15 00:00:00.000000,348.6461181640625,351.99719265891855,345.19030715677,350.95950222488466,4597800,VOO
2022-11-16 00:00:00.000000,345.9996032714844,347.97977750651495,345.4379190939847,347.1991489354065,2755100,VOO
2022-11-17 00:00:00.000000,344.9999694824219,345.5711539810881,341.3632732242299,341.58221759767594,3278500,VOO
2022-11-18 00:00:00.000000,346.523193359375,348.04641992950053,343.8956573053671,347.92265359429035,2574400,VOO
2022-11-21 00:00:00.000000,345.3045959472656,346.2851680866888,343.55289567165175,345.36171439786284,2397900,VOO
2022-11-22 00:00:00.000000,349.90283203125,350.0360987306252,345.78059987350963,347.01823408469033,2316000,VOO
2022-11-23 00:00:00.000000,352.0924987792969,352.5875351003395,349.40781503716056,349.588699838781,2590900,VOO
2022-11-25 00:00:00.000000,352.0543518066406,352.5684468973061,351.3498715716332,351.66405209214497,1423400,VOO
2022-11-28 00:00:00.000000,346.48516845703125,350.7025793844922,345.72354056913093,349.2555009240482,3553600,VOO
2022-11-29 00:00:00.000000,345.8758239746094,347.6560835499914,344.13365305226154,346.46606735755637,2507800,VOO
2022-11-30 00:00:00.000000,356.5193176269531,356.61452473185227,344.2954749286413,346.0091156574377,4748800,VOO
2022-12-01 00:00:00.000000,356.5669860839844,358.90893011911504,354.1964537655285,357.8331506933336,4608600,VOO
2022-12-02 00:00:00.000000,356.0528564453125,356.8906325207435,351.92112357614633,351.92112357614633,3596000,VOO
2022-12-05 00:00:00.000000,349.7124328613281,354.32970147014197,348.4272095707942,353.4633662010136,3707000,VOO
2022-12-06 00:00:00.000000,344.6572265625,349.96944572317096,342.65799367615773,349.4744094778338,3911000,VOO
2022-12-07 00:00:00.000000,343.9908142089844,346.1614024956805,343.01977149363796,343.7242517545876,3338000,VOO
2022-12-08 00:00:00.000000,346.7041015625,347.6275553724346,344.2479207053132,345.7044994928253,3604500,VOO
2022-12-09 00:00:00.000000,344.1716613769531,347.90356438382196,344.00030604352236,345.5806507980095,4271400,VOO
2022-12-12 00:00:00.000000,349.0840759277344,349.0840759277344,344.2288044282454,344.8952250656149,2946200,VOO
2022-12-13 00:00:00.000000,351.6640930175781,359.08978273302193,349.1983538018431,359.0136054239179,6161800,VOO
2022-12-14 00:00:00.000000,349.5411071777344,354.91044555310845,346.77074577725614,351.3880147780533,4707100,VOO
2022-12-15 00:00:00.000000,340.9444274902344,345.8092000767761,339.3545529635071,345.0761605105269,5126800,VOO
2022-12-16 00:00:00.000000,336.8792724609375,339.7067519495961,334.9086278288825,338.58338369496994,4533100,VOO
2022-12-19 00:00:00.000000,333.97564697265625,337.3362513862504,332.49050915579545,337.1363368098229,5538500,VOO
2022-12-20 00:00:00.000000,334.484619140625,335.9194774625973,332.13143047415804,333.3175998710635,5068200,VOO
2022-12-21 00:00:00.000000,339.4874267578125,340.4918449613251,336.42641360450875,336.90469964648713,3832400,VOO
2022-12-22 00:00:00.000000,334.7141418457031,336.95251702206843,329.386028324832,336.6942530682713,6458200,VOO
2022-12-23 00:00:00.000000,336.58892822265625,336.6654703174178,332.2652340208153,333.77660468141386,4572000,VOO
2022-12-27 00:00:00.000000,335.24981689453125,336.7516420611193,333.70017480101257,336.4838030473292,4303200,VOO
2022-12-28 00:00:00.000000,331.1366271972656,336.9047566721684,330.87833400782915,335.20205924221125,4464600,VOO
2022-12-29 00:00:00.000000,337.00994873046875,337.794344938946,333.33671499334645,333.7576090958334,4086600,VOO
2022-12-30 00:00:00.000000,336.08203125,336.2255112236182,332.65751604650563,334.5993562021735,5325400,VOO
2023-01-03 00:00:00.000000,334.7906494140625,339.62135588257803,332.11225929515734,337.8421166525274,4957300,VOO
2023-01-04 00:00:00.000000,337.20123291015625,339.162193995203,334.0349816640441,336.8090348546943,3119100,VOO
2023-01-05 00:00:00.000000,333.5184020996094,335.56545103079225,332.94445305242107,335.49851317589156,3216500,VOO
2023-01-06 00:00:00.000000,341.10400390625,342.13711800764446,333.594907913382,336.32114393528445,3464800,VOO
2023-01-09 00:00:00.000000,340.85528564453125,346.02079776392577,340.75007673751736,343.1510817830446,3775300,VOO
2023-01-10 00:00:00.000000,343.2850341796875,343.36157629743406,339.5448336640339,340.38662180565865,3495700,VOO
2023-01-11 00:00:00.000000,347.6661071777344,347.7234991627003,344.0406911019942,344.7581201063294,5710500,VOO
2023-01-12 00:00:00.000000,348.9670715332031,350.2488746664185,344.93991109601563,348.65141557931076,4743500,VOO
2023-01-13 00:00:00.000000,350.3254089355469,350.80369498314855,345.77211642085445,345.97298838701334,3015200,VOO
2023-01-17 00:00:00.000000,349.78973388671875,351.7506950217375,349.0244586886583,350.28714087126014,4942000,VOO
2023-01-18 00:00:00.000000,344.10772705078125,351.6933375693769,343.96421786737,350.7463404355565,3931800,VOO
2023-01-19 00:00:00.000000,341.63018798828125,343.7537501138628,340.39620175422124,342.22325804413896,3569900,VOO
2023-01-20 00:00:00.000000,347.9148254394531,348.10615153367627,341.3814509326461,342.88327611473403,3265100,VOO
2023-01-23 00:00:00.000000,352.1524353027344,353.93164523677444,347.85740710844783,348.6800742205956,3243300,VOO
2023-01-24 00:00:00.000000,351.7793273925781,352.60196524040987,349.5505276394161,350.65057952088677,2702400,VOO
2023-01-25 00:00:00.000000,351.9037780761719,352.17161711874957,345.9538979518061,347.9818263016466,3061700,VOO
2023-01-26 00:00:00.000000,355.6630554199219,355.9021984350071,351.64544108958563,354.3716773000093,3460900,VOO
2023-01-27 00:00:00.000000,356.6770324707031,358.79104862728644,354.65867936209366,354.78303840523336,5549500,VOO
2023-01-30 00:00:00.000000,352.2193908691406,356.1222212308088,351.8845848088988,354.0751430052967,3280600,VOO
2023-01-31 00:00:00.000000,357.22235107421875,357.31801413973415,352.33425159139114,352.6020906594729,4181700,VOO
2023-02-01 00:00:00.000000,361.13470458984375,363.65049416814315,353.7021490414326,356.2657555532346,4941700,VOO
2023-02-02 00:00:00.000000,366.3096923828125,367.7158544226232,362.92341925162856,364.69308333050424,5207900,VOO
2023-02-03 00:00:00.000000,362.3973388671875,366.5584332596193,361.38337479631156,361.8042688474974,6472500,VOO
2023-02-06 00:00:00.000000,360.3024597167969,361.5172958050208,358.73366742120265,360.2259175992113,2880100,VOO
2023-02-07 00:00:00.000000,364.951416015625,366.1280103333585,358.35107365995646,359.4702759809485,4504600,VOO
2023-02-08 00:00:00.000000,360.9529113769531,364.38700170019007,360.3694164103961,363.2008616420981,2921500,VOO
2023-02-09 00:00:00.000000,357.8631591796875,364.4539546821574,356.75356127982,364.42525868806194,3327700,VOO
2023-02-10 00:00:00.000000,358.7336730957031,359.0876293086724,356.03616184956525,356.8014078839385,3256700,VOO
2023-02-13 00:00:00.000000,362.8756408691406,362.96172885717937,358.9058723952768,359.3363123354705,2980600,VOO
2023-02-14 00:00:00.000000,362.74169921875,364.8557445860569,359.14500796008804,361.54598408929473,4718000,VOO
2023-02-15 00:00:00.000000,363.95654296875,364.00435989419736,359.9867456197051,360.7711417044246,2820200,VOO
2023-02-16 00:00:00.000000,358.8962707519531,362.952126913471,358.8006077082402,359.3458607843676,3077500,VOO
2023-02-17 00:00:00.000000,357.9683837890625,358.1884058636737,355.194330759464,356.97354071082486,3285300,VOO
2023-02-21 00:00:00.000000,350.8610534667969,355.21344440742024,350.56451848098357,354.3142643884182,3109200,VOO
2023-02-22 00:00:00.000000,350.42108154296875,352.59251912226,348.9957983050235,351.2341737522611,3872000,VOO
2023-02-23 00:00:00.000000,352.18115234375,353.52034740515023,348.31659300176966,353.0420613694885,2867200,VOO
2023-02-24 00:00:00.000000,348.4122314453125,349.17747737143065,346.0208014358672,347.53217235724185,4055000,VOO
2023-02-27 00:00:00.000000,349.61749267578125,352.7550476836818,348.7565837099554,351.53063668528796,3300100,VOO
2023-02-28 00:00:00.000000,348.2975158691406,350.9280896165629,348.24012386821477,349.15845426756675,3022200,VOO
2023-03-01 00:00:00.000000,347.0252380371094,348.68011834020615,345.7530099419011,347.56091609743544,3764700,VOO
2023-03-02 00:00:00.000000,349.61749267578125,350.44970564915496,344.8729037060377,345.1407426996781,2727200,VOO
2023-03-03 00:00:00.000000,355.1560974121094,355.5291745531567,350.7750099240849,351.33938397477874,4913600,VOO
2023-03-06 00:00:00.000000,355.5865783691406,358.1788807403266,355.17523015558015,356.09356044457206,2638300,VOO
2023-03-07 00:00:00.000000,350.08624267578125,355.7395868862804,349.5218686801416,355.4908688165111,3546100,VOO
2023-03-08 00:00:00.000000,350.6315002441406,351.3489293368723,348.61314707554254,350.2106061743569,2906300,VOO
2023-03-09 00:00:00.000000,344.21282958984375,352.8602477546718,343.265832748724,351.39669391282405,4409600,VOO
2023-03-10 00:00:00.000000,339.2769775390625,345.55208803388484,337.8038775577186,343.7250318622632,8360400,VOO
2023-03-13 00:00:00.000000,338.7030029296875,343.0936941249886,334.5706340512303,335.52720605691906,6478700,VOO
2023-03-14 00:00:00.000000,344.32763671875,345.81034078145416,340.18569295042926,343.2945518400306,4798800,VOO
2023-03-15 00:00:00.000000,342.2040710449219,342.3380051423367,337.2586099631763,339.0665159324437,6610400,VOO
2023-03-16 00:00:00.000000,348.0582580566406,348.44091019302266,339.5734694738118,340.0996015652074,5016700,VOO
2023-03-17 00:00:00.000000,344.25115966796875,347.99135994785223,342.85457262590836,347.0060918878915,5189900,VOO
2023-03-20 00:00:00.000000,347.3599853515625,347.79042522421184,344.19373445517107,344.8155003993934,3099800,VOO
2023-03-21 00:00:00.000000,351.9037780761719,352.410760163632,349.03406153758255,350.507190867893,4117600,VOO
2023-03-22 00:00:00.000000,346.0686340332031,355.09867649323564,345.95385005831275,351.80806631582067,4094800,VOO
2023-03-23 00:00:00.000000,346.89129638671875,352.295922539816,344.48071617823666,348.65138542602807,4787200,VOO
2023-03-24 00:00:00.000000,349.2032165527344,349.27045932686684,343.5938384045818,345.7646016483285,3740400,VOO
2023-03-27 00:00:00.000000,349.779541015625,351.95988950894656,349.0495435850605,351.28754968141453,4144800,VOO
2023-03-28 00:00:00.000000,349.1648254394531,349.81799496734715,347.397489338151,349.1840544126748,2413700,VOO
2023-03-29 00:00:00.000000,354.1307067871094,354.3708344719138,351.8254868754796,352.89163972602955,3636100,VOO
2023-03-30 00:00:00.000000,356.2438049316406,356.8105026910967,354.5244826805211,356.57037503137167,3316700,VOO
2023-03-31 00:00:00.000000,361.2192687988281,361.47859613736324,356.97379857426233,357.09866965622905,4159800,VOO
2023-04-03 00:00:00.000000,362.6504211425781,362.98660575340335,360.40282959978913,360.7678283594016,3525300,VOO
2023-04-04 00:00:00.000000,360.6044921875,363.45720987889877,359.35584011633136,363.2555108577778,2713300,VOO
2023-04-05 00:00:00.000000,359.7304382324219,360.594921267742,358.16483049474795,359.91293760099313,3227700,VOO
2023-04-06 00:00:00.000000,361.1040344238281,361.33454762782134,358.00157409526173,358.9140710485055,3076200,VOO
2023-04-10 00:00:00.000000,361.49774169921875,361.52658515608886,358.2320116449939,358.79870936010576,2671100,VOO
2023-04-11 00:00:00.000000,361.54583740234375,362.8425327144906,360.8542685233628,362.0164782670459,3069000,VOO
2023-04-12 00:00:00.000000,360.10498046875,363.66846607174875,359.5382828142264,363.4571525978202,3624200,VOO
2023-04-13 00:00:00.000000,364.7731628417969,365.15739059794606,360.6141641248894,361.06560535714857,2680900,VOO
2023-04-14 00:00:00.000000,364.0238952636719,366.2714865029415,361.8435467999788,364.2928370535215,2981700,VOO
2023-04-17 00:00:00.000000,365.26300048828125,365.3014291229984,362.7656668559407,363.8798627630606,2721000,VOO
2023-04-18 00:00:00.000000,365.5127258300781,366.8382351984737,364.2640444151228,366.7613779325751,3019300,VOO
2023-04-19 00:00:00.000000,365.4935302734375,366.27154161515614,363.71660888337703,363.77423718184053,2671300,VOO
2023-04-20 00:00:00.000000,363.42840576171875,365.06128557288207,362.0548825830397,362.8617080022454,2953200,VOO
2023-04-21 00:00:00.000000,363.6397399902344,364.12960982398147,361.9396466149653,363.7261824351674,2762300,VOO
2023-04-24 00:00:00.000000,364.1199645996094,364.48496332237715,362.33342893021893,363.53406719592465,2310400,VOO
2023-04-25 00:00:00.000000,358.3665466308594,362.7849016960705,358.2896893601822,362.2854173740494,3795400,VOO
2023-04-26 00:00:00.000000,356.7720947265625,359.8841399968991,356.33026801456094,358.90442964094945,3766900,VOO
2023-04-27 00:00:00.000000,363.85107421875,364.158444693197,358.9140642149651,359.12537775208966,4302400,VOO
2023-04-28 00:00:00.000000,366.96307373046875,367.0303165094238,363.0730174117546,363.11144604436583,3386900,VOO
2023-05-01 00:00:00.000000,366.7134094238281,368.49036018338495,366.45405275995654,366.6557811235149,3069300,VOO
2023-05-02 00:00:00.000000,362.60235595703125,366.0601705714282,359.8745094459736,366.0121567677391,4311600,VOO
2023-05-03 00:00:00.000000,360.0762023925781,365.18612559214756,359.80726060904584,362.9865482085531,5513000,VOO
2023-05-04 00:00:00.000000,357.4444580078125,359.3366359047124,356.2726338074102,359.07730857397326,4421500,VOO
2023-05-05 00:00:00.000000,364.0047302246094,365.08049748632277,360.60451424119003,360.902270204255,3139400,VOO
2023-05-08 00:00:00.000000,364.2064208984375,364.62904792904715,362.9577687795647,364.42734890022035,2957600,VOO
2023-05-09 00:00:00.000000,362.6312255859375,363.63013563017785,362.42949722968234,362.7944959934267,2271000,VOO
2023-05-10 00:00:00.000000,364.2160339355469,365.7912561513571,360.8062328697224,365.2629870214267,3512900,VOO
2023-05-11 00:00:00.000000,363.70697021484375,363.9182837326477,361.7955633804755,363.5244708443558,2676600,VOO
2023-05-12 00:00:00.000000,363.21710205078125,365.0036671298823,360.998324759973,364.84998190601107,2531000,VOO
2023-05-15 00:00:00.000000,364.4753723144531,364.84037106073276,362.02608181962205,363.7838034563599,3882600,VOO
2023-05-16 00:00:00.000000,362.06451416015625,364.3024911570205,362.0260855252967,363.4476518905003,2275300,VOO
2023-05-17 00:00:00.000000,366.38677978515625,367.00149132615866,362.38143768906207,363.88944636477663,3222600,VOO
2023-05-18 00:00:00.000000,369.9694519042969,370.34406509413236,365.9545247828758,366.20426690943276,3340600,VOO
2023-05-19 00:00:00.000000,369.38360595703125,371.2758132035251,368.29822417890824,370.7763288808715,3649000,VOO
2023-05-22 00:00:00.000000,369.5853271484375,370.97807946821763,368.32706040434346,369.4700705478277,2784000,VOO
2023-05-23 00:00:00.000000,365.4551086425781,368.9417377366468,365.0708809263259,368.058084339169,2887300,VOO
2023-05-24 00:00:00.000000,362.7176513671875,364.27367397274,361.6995123953455,363.94710386030573,3611600,VOO
2023-05-25 00:00:00.000000,365.87774658203125,367.1840270563405,363.9567251933693,365.9449600531647,3315900,VOO
2023-05-26 00:00:00.000000,370.6322021484375,371.30457126007053,366.4732043542074,366.56926127193435,3042800,VOO
2023-05-30 00:00:00.000000,370.74749755859375,372.92787550080163,369.5660882154185,372.44762017431833,3968500,VOO
2023-05-31 00:00:00.000000,368.7304382324219,369.95027617478263,367.3184864399053,369.1338362803077,4205300,VOO
2023-06-01 00:00:00.000000,372.26513671875,373.22564741277625,367.84678166373715,369.0282203698751,3563600,VOO
2023-06-02 00:00:00.000000,377.7304382324219,378.4027781188735,374.15733734133767,374.6759920019679,7368900,VOO
2023-06-05 00:00:00.000000,377.00042724609375,379.1807758524587,376.31847289728984,377.99936652195396,3481200,VOO
2023-06-06 00:00:00.000000,377.7784423828125,378.23949804848917,375.9534780055879,376.56818958069795,2894700,VOO
2023-06-07 00:00:00.000000,376.5393981933594,379.1712174727119,376.07837181227507,378.1242643157187,3942900,VOO
2023-06-08 00:00:00.000000,378.796630859375,379.14242998196255,375.83827056038814,376.48179636671915,3455400,VOO
2023-06-09 00:00:00.000000,379.4305114746094,381.2554758017983,378.5180146547859,379.44971113464743,3060100,VOO
2023-06-12 00:00:00.000000,382.9172058105469,382.9460199595474,379.6898745601792,380.3430441249601,3792700,VOO
2023-06-13 00:00:00.000000,385.443359375,385.9812430392578,383.6279800237841,384.2234919868937,3913100,VOO
2023-06-14 00:00:00.000000,385.7410583496094,387.5083943156213,382.7250410306023,385.7506435230273,5161300,VOO
2023-06-15 00:00:00.000000,390.68768310546875,391.8210785684863,385.0591051090731,385.16474720416215,5285000,VOO
2023-06-16 00:00:00.000000,389.2469177246094,392.6183192852579,388.9011479811875,392.5510765087735,5141900,VOO
2023-06-20 00:00:00.000000,387.4507751464844,388.3536574662668,385.41449734015214,387.5564172437669,4242900,VOO
2023-06-21 00:00:00.000000,385.3280944824219,387.1434444820979,384.8478391273543,386.42306144949646,3423500,VOO
2023-06-22 00:00:00.000000,386.73040771484375,386.81685015585214,384.15624620773167,384.4732018247624,3141000,VOO
2023-06-23 00:00:00.000000,383.82965087890625,385.4337165790324,383.17651066491555,383.56070906653014,4215300,VOO
2023-06-26 00:00:00.000000,382.2448425292969,385.03031778836623,382.0239438210103,383.28221053437403,3250700,VOO
2023-06-27 00:00:00.000000,386.48065185546875,387.018535455412,382.6578383639047,383.05162192148714,4302400,VOO
2023-06-28 00:00:00.000000,386.65362548828125,387.55650801954215,384.88628906670755,385.501030072019,4320700,VOO
2023-06-29 00:00:00.000000,388.13470458984375,388.28899385624555,385.8975543685207,386.29291509598744,3914800,VOO
2023-06-30 00:00:00.000000,392.734375,393.64080613442997,390.8154554034183,390.92151273114007,5173700,VOO
2023-07-03 00:00:00.000000,393.4864501953125,393.4864501953125,392.1557311200811,392.3871797164255,2372000,VOO
2023-07-05 00:00:00.000000,392.6089782714844,393.27433786275634,391.5097077039495,391.5097077039495,4230100,VOO
2023-07-06 00:00:00.000000,389.4075622558594,389.90900975783495,387.2186438556569,389.35935973190186,6040300,VOO
2023-07-07 00:00:00.000000,388.50115966796875,392.15578203438304,388.3275658412558,388.6361443913341,3673200,VOO
2023-07-10 00:00:00.000000,389.5425720214844,389.6775567436478,387.7007824409208,388.2504324606656,3362300,VOO
2023-07-11 00:00:00.000000,392.0401306152344,392.4644188276404,389.3497643201314,390.3140503614769,3177800,VOO
2023-07-12 00:00:00.000000,395.12579345703125,396.446860410394,394.1904349719418,395.5404293247333,4246400,VOO
2023-07-13 00:00:00.000000,398.34649658203125,399.0311313062018,396.4468522515183,396.84221298735457,3273400,VOO
2023-07-14 00:00:00.000000,398.0282897949219,399.8990068395308,397.3629301539181,399.15651727287155,3680900,VOO
2023-07-17 00:00:00.000000,399.4168395996094,400.41970513819774,397.8932808822369,397.9125560055614,2963700,VOO
2023-07-18 00:00:00.000000,402.44476318359375,403.0040361087443,398.7708359216446,399.12761702895983,3594000,VOO
2023-07-19 00:00:00.000000,403.3125,404.39249529157365,402.5796334402902,403.1389356340681,3494900,VOO
2023-07-20 00:00:00.000000,400.6801452636719,403.2258746649098,400.0051626577141,402.39657332565463,4085000,VOO
2023-07-21 00:00:00.000000,400.72833251953125,402.3965284343358,400.6415503124899,402.2133117435798,3176700,VOO
2023-07-24 00:00:00.000000,402.4254455566406,403.1679645773699,401.16223330696465,401.7022310887648,3471100,VOO
2023-07-25 00:00:00.000000,403.611572265625,404.6626405432098,402.1747954482887,402.1844182981017,3949300,VOO
2023-07-26 00:00:00.000000,403.7078857421875,404.8939678383673,401.7021548524363,402.70502029731193,6138800,VOO
2023-07-27 00:00:00.000000,400.9693603515625,407.0732770035006,400.10150894798085,406.7261482131358,4149400,VOO
2023-07-28 00:00:00.000000,404.8746643066406,405.59787863907997,403.2257438684256,403.9682333224367,2701200,VOO
2023-07-31 00:00:00.000000,405.6557312011719,405.93538231459087,404.08394068555214,405.30860244878943,3452100,VOO
2023-08-01 00:00:00.000000,404.4021911621094,405.07717357827704,403.60181745347586,404.2864815723474,3118000,VOO
2023-08-02 00:00:00.000000,398.7996826171875,401.81790185879055,398.1343230655647,401.5864532575737,4973700,VOO
2023-08-03 00:00:00.000000,397.6715087890625,399.39758883110795,396.40829658405283,396.97722174734434,3022300,VOO
2023-08-04 00:00:00.000000,395.72369384765625,401.2683383540907,395.3861878617299,399.35904147791257,5717300,VOO
2023-08-07 00:00:00.000000,399.29144287109375,399.445732127228,396.9386126411298,397.56539251265434,2598000,VOO
2023-08-08 00:00:00.000000,397.5653991699219,397.99931012162784,394.5182525224958,397.05432887502343,3780100,VOO
2023-08-09 00:00:00.000000,394.9232482910156,397.989699582908,394.2482658693758,397.9221925124436,3145900,VOO
2023-08-10 00:00:00.000000,395.1547546386719,400.2268788140436,394.0265271091575,397.09294942143634,4588300,VOO
2023-08-11 00:00:00.000000,394.78839111328125,395.75267725084984,392.79231174587164,393.3805415921808,2918900,VOO
2023-08-14 00:00:00.000000,397.01580810546875,397.035083230293,393.72758952113713,393.96866100596196,2772900,VOO
2023-08-15 00:00:00.000000,392.4643249511719,397.0061028797788,391.8953998541844,395.4439645748865,4686100,VOO
2023-08-16 00:00:00.000000,389.56182861328125,393.5346815812427,389.4461190204542,392.0689776926523,3353700,VOO
2023-08-17 00:00:00.000000,386.40869140625,391.09510729322864,386.07118541695155,390.85403579054025,7102500,VOO
2023-08-18 00:00:00.000000,386.7654113769531,387.66219016253785,383.64113461289315,383.94971315019194,4157700,VOO
2023-08-21 00:00:00.000000,389.3207702636719,389.9475796253754,385.70469822770326,387.77793640379423,3292400,VOO
2023-08-22 00:00:00.000000,388.2311096191406,390.92147536428246,387.70076417588297,390.8732728431385,2646100,VOO
2023-08-23 00:00:00.000000,392.4161376953125,393.1104246831219,389.06041234962214,389.1471945446397,3250000,VOO
2023-08-24 00:00:00.000000,387.1993408203125,394.4700347981469,387.0643266786915,394.00719643297356,3458800,VOO
2023-08-25 00:00:00.000000,389.7643737792969,391.3072076820224,385.4347100638374,388.6843488486504,4417800,VOO
2023-08-28 00:00:00.000000,392.329345703125,392.88864800255953,390.6322225361941,391.8472027549015,3236700,VOO
2023-08-29 00:00:00.000000,397.9029235839844,398.2307772386276,392.04970146605524,392.2521932529325,3482700,VOO
2023-08-30 00:00:00.000000,399.5615234375,400.2076079904811,397.6715311616989,398.2790360358388,3004500,VOO
2023-08-31 00:00:00.000000,399.0504455566406,401.25866864300707,398.8865334230693,400.15939795188353,4751100,VOO
2023-09-01 00:00:00.000000,399.8989562988281,401.9914694352024,398.4525275973069,401.58645645060284,3588000,VOO
2023-09-05 00:00:00.000000,398.15362548828125,399.6675613502846,398.0282636181235,399.4072147621894,4426700,VOO
2023-09-06 00:00:00.000000,395.4054260253906,397.41115719972004,393.26471012591304,397.38222979949757,3744100,VOO
2023-09-07 00:00:00.000000,394.22900390625,394.80758134992004,392.3293594465973,392.628315158425,2245800,VOO
2023-09-08 00:00:00.000000,394.76904296875,396.16723995301004,393.9011620633178,394.2193929093555,4124400,VOO
2023-09-11 00:00:00.000000,397.3628845214844,397.65218792172914,395.63683410566136,397.1700450156555,3346600,VOO
2023-09-12 00:00:00.000000,395.2319030761719,397.43047400668166,394.672630137323,396.03227694572263,7595300,VOO
2023-09-13 00:00:00.000000,395.69476318359375,396.70725170535496,394.3833189304901,395.3861846031372,2529700,VOO
2023-09-14 00:00:00.000000,399.1179504394531,399.70618017373005,396.7265401074565,397.931897549849,3660900,VOO
2023-09-15 00:00:00.000000,394.1422424316406,397.9319087017573,393.8915480874143,397.6136778485511,4004000,VOO
2023-09-18 00:00:00.000000,394.5761413574219,395.6850642332303,393.58292807871766,393.98791166858246,3014600,VOO
2023-09-19 00:00:00.000000,393.7854309082031,394.2097190612544,391.220426865728,393.6407939077699,3623300,VOO
2023-09-20 00:00:00.000000,390.1018371582031,395.20291765313743,389.8896930895763,394.83648431390293,4009400,VOO
2023-09-21 00:00:00.000000,383.70867919921875,387.691155464134,383.4868828361632,387.4500839759887,4633100,VOO
2023-09-22 00:00:00.000000,382.7828674316406,386.03250573765524,382.39715901278913,384.55714970049036,7204200,VOO
2023-09-25 00:00:00.000000,384.3739929199219,384.4029497478203,381.2497159846366,381.6258016152687,3227900,VOO
2023-09-26 00:00:00.000000,378.73297119140625,382.20437717974056,377.96152475025315,381.58724945449086,5734700,VOO
2023-09-27 00:00:00.000000,378.8197326660156,380.30474123474903,375.5411663966469,379.7743663177944,4837700,VOO
2023-09-28 00:00:00.000000,381.0296325683594,382.6073901904745,377.82564228606776,378.34835148685653,4065800,VOO
2023-09-29 00:00:00.000000,380.1197204589844,384.03027627940213,378.7645463505898,383.914125250668,5766600,VOO
2023-10-02 00:00:00.000000,380.0906982421875,381.14577618290866,377.47718182906874,379.34534654410885,5886200,VOO
2023-10-03 00:00:00.000000,374.97979736328125,379.3743351065219,373.6633502279982,378.06757706941846,6886700,VOO
2023-10-04 00:00:00.000000,377.738525390625,378.32899920325417,374.0215445827149,375.3089541430733,4333700,VOO
2023-10-05 00:00:00.000000,377.4190979003906,378.2709115135311,374.55393082522994,377.3997492418871,3329100,VOO
2023-10-06 00:00:00.000000,381.9200744628906,383.4010589806646,374.03116961932454,375.2701630097502,4897200,VOO
2023-10-09 00:00:00.000000,384.4658203125,384.9498025602269,379.74214884829615,380.18740424502397,2959500,VOO
2023-10-10 00:00:00.000000,386.4501647949219,388.81200070476626,384.65945397551616,385.02725569792494,3289600,VOO
2023-10-11 00:00:00.000000,388.08599853515625,388.24087639940524,385.24018055193636,387.4471384226036,4181800,VOO
2023-10-12 00:00:00.000000,385.7532958984375,388.9282190504434,383.5076401616086,388.61849278532384,3872900,VOO
2023-10-13 00:00:00.000000,383.7204895019531,388.1150269419707,382.3072401021889,387.0018737056655,3769800,VOO
2023-10-16 00:00:00.000000,387.7375793457031,388.7345816826513,385.57900769544636,385.80165018347867,5150900,VOO
2023-10-17 00:00:00.000000,387.7471923828125,389.60569715313756,384.5819592167138,384.89171493508985,4214600,VOO
2023-10-18 00:00:00.000000,382.5589904785156,387.0019446809851,381.59102582769606,386.11143374459573,7329300,VOO
2023-10-19 00:00:00.000000,379.3163146972656,384.8627629520213,378.609719385919,383.2849757960996,6708900,VOO
2023-10-20 00:00:00.000000,374.59259033203125,379.26787563317504,374.4474015580683,378.8419688695945,7549600,VOO
2023-10-23 00:00:00.000000,373.9344177246094,377.4481340942876,371.5532329813317,373.13102007096126,5537100,VOO
2023-10-24 00:00:00.000000,376.73187255859375,377.75791277604407,374.1667424750297,375.8413320381966,4451500,VOO
2023-10-25 00:00:00.000000,371.41766357421875,375.26048396101334,370.8465680431754,375.1830597957589,5471200,VOO
2023-10-26 00:00:00.000000,366.85858154296875,371.1176198534225,366.03580572914655,370.37229774957206,6959400,VOO
2023-10-27 00:00:00.000000,365.23236083984375,368.68800108666363,363.9062542425874,368.3395185167663,5638800,VOO
2023-10-30 00:00:00.000000,369.62689208984375,370.5367810394648,366.5778099688471,367.7393791291938,5795800,VOO
2023-10-31 00:00:00.000000,371.86297607421875,372.1630427391983,368.368608482131,370.1012733998684,4523200,VOO
2023-11-01 00:00:00.000000,375.9574279785156,376.6156367875999,372.29852313516193,372.75346765848604,5549200,VOO
2023-11-02 00:00:00.000000,383.1010437011719,383.2268838306512,379.36471437322257,379.3743739324572,4752200,VOO
2023-11-03 00:00:00.000000,386.643798828125,388.0086325176589,385.09504949348064,385.172503207178,5981400,VOO
2023-11-06 00:00:00.000000,387.3890686035156,387.89242905469814,385.69513070958317,387.3019553423339,4007100,VOO
2023-11-07 00:00:00.000000,388.48291015625,389.1604971942073,386.44051902344114,387.4375213827618,3358600,VOO
2023-11-08 00:00:00.000000,388.8023681640625,389.60576581400755,386.75994742225816,389.1120943970909,3731900,VOO
2023-11-09 00:00:00.000000,385.8694763183594,389.9736373438804,385.4532290317626,389.9058727228135,4145600,VOO
2023-11-10 00:00:00.000000,391.89013671875,392.13212787056665,386.3534075235237,387.7569384800988,3992800,VOO
2023-11-13 00:00:00.000000,391.4932861328125,392.49994802709455,389.91549914128154,390.6608212333829,2872900,VOO
2023-11-14 00:00:00.000000,399.0143737792969,400.263056400707,396.7590292295573,396.9042180134572,6973100,VOO
2023-11-15 00:00:00.000000,399.88555908203125,401.4343084594549,399.15958558073305,400.2921172403307,4414800,VOO
2023-11-16 00:00:00.000000,400.4469299316406,400.68892105933924,398.5593873196184,399.5176627325265,3798900,VOO
2023-11-17 00:00:00.000000,401.0374450683594,401.5020787501342,399.6435735629727,400.6793028623807,4696200,VOO
2023-11-20 00:00:00.000000,404.0574951171875,404.80284683711017,400.71803464693016,400.727694206712,3517600,VOO
2023-11-21 00:00:00.000000,403.0023498535156,403.4863321196903,401.99565846869103,403.0604253622619,5248200,VOO
2023-11-22 00:00:00.000000,404.7447814941406,405.87728367219984,403.6993630559979,404.6770168742734,3692800,VOO
2023-11-24 00:00:00.000000,404.96734619140625,405.08349721736533,404.4543261334635,404.7931196524677,1351300,VOO
2023-11-27 00:00:00.000000,404.2607727050781,405.1222458872859,403.86390365172423,404.40596149534497,3632600,VOO
2023-11-28 00:00:00.000000,404.6575622558594,405.8191315144501,403.3604933230619,403.8832024434211,3382400,VOO
2023-11-29 00:00:00.000000,404.396240234375,407.6292383802558,403.9993712125841,406.60319829072205,4092600,VOO
2023-11-30 00:00:00.000000,405.96429443359375,406.254701499714,403.2249679701081,405.1318591652316,4405700,VOO
2023-12-01 00:00:00.000000,408.34552001953125,408.8391914038547,404.8511820950225,405.4125885490117,4973600,VOO
2023-12-04 00:00:00.000000,406.29345703125,406.419297157275,404.1252257518518,405.23837914833086,5806100,VOO
2023-12-05 00:00:00.000000,406.1676025390625,407.0000674372029,404.60919374709994,404.9382981589442,3419300,VOO
2023-12-06 00:00:00.000000,404.47369384765625,408.1616663352252,404.0865138962392,408.1035612795727,4201800,VOO
2023-12-07 00:00:00.000000,407.6389465332031,408.1616557009627,405.84820607212635,406.3612261408735,3248300,VOO
2023-12-08 00:00:00.000000,409.3716125488281,409.8071789064849,406.69033162975114,406.9032850290287,5125300,VOO
2023-12-11 00:00:00.000000,410.95904541015625,411.104234191179,408.6940118063955,408.87792744233604,5247100,VOO
2023-12-12 00:00:00.000000,413.0014953613281,413.0014953613281,409.71039187835356,410.62997012329123,5982600,VOO
2023-12-13 00:00:00.000000,418.6253662109375,418.75117680301594,412.8466160171497,413.20475821446337,8659100,VOO
2023-12-14 00:00:00.000000,419.8546447753906,421.41305360046,417.42504417935777,420.30958931847374,8349100,VOO
2023-12-15 00:00:00.000000,419.2157897949219,420.3386322883716,418.39301396765984,419.31259216400014,5326000,VOO
2023-12-18 00:00:00.000000,421.58734130859375,422.41977674693806,420.53226336142046,420.7161790122058,4280500,VOO
2023-12-19 00:00:00.000000,424.15240478515625,424.18144254117186,421.9841735628283,422.0712868308752,4061500,VOO
2023-12-20 00:00:00.000000,418.030029296875,425.04757759493594,417.845354631517,423.2980624789471,5783200,VOO
2023-12-21 00:00:00.000000,422.1025695800781,422.45249042349946,418.77845504590016,420.98482208981403,4621600,VOO
2023-12-22 00:00:00.000000,423.084228515625,424.59075376712093,421.32498432058213,423.2494450080611,4037800,VOO
2023-12-26 00:00:00.000000,424.8434753417969,425.6404891980363,423.36607801572427,423.4535804673769,3835800,VOO
2023-12-27 00:00:00.000000,425.6210632324219,425.7376936276534,424.18258214209897,424.64910372302523,4271000,VOO
2023-12-28 00:00:00.000000,425.6890869140625,426.53468690041547,425.3877818536804,425.96123437704796,4703700,VOO
2023-12-29 00:00:00.000000,424.5518493652344,426.0486751300161,422.744019138892,425.5918530305887,4376900,VOO
2024-01-02 00:00:00.000000,421.8401184082031,423.0647671103725,420.2363616317628,421.7429165335935,9076000,VOO
2024-01-03 00:00:00.000000,418.7104187011719,420.85844077486695,418.18555229419513,420.197515469399,4805000,VOO
2024-01-04 00:00:00.000000,417.3885498046875,420.64461997498626,417.17471753393164,418.2633073989254,3945300,VOO
2024-01-05 00:00:00.000000,417.923095703125,420.17801887215,416.62067372197873,417.5440173155724,5724600,VOO
2024-01-08 00:00:00.000000,423.90069580078125,424.0367547047961,418.3021996640071,418.37997303360095,7222400,VOO
2024-01-09 00:00:00.000000,422.87042236328125,424.192273031775,421.01397617826603,421.46106923827426,7939600,VOO
2024-01-10 00:00:00.000000,425.6599426269531,426.43749835641154,423.26893058011126,423.55077747647636,4278800,VOO
2024-01-11 00:00:00.000000,425.51416015625,427.04011403665686,421.83042532562297,426.6319076550423,4796600,VOO
2024-01-12 00:00:00.000000,425.7085266113281,427.46777091147004,424.4838778266382,426.79711649187453,5182700,VOO
2024-01-16 00:00:00.000000,424.2603454589844,425.6988562776388,422.5496871515955,424.54222203505446,5730800,VOO
2024-01-17 00:00:00.000000,421.8984375,422.2969444262895,419.70179969327927,421.4416153807753,6044600,VOO
2024-01-18 00:00:00.000000,425.65020751953125,426.0973302364027,421.9859309619678,423.3660968115119,4331300,VOO
2024-01-19 00:00:00.000000,430.8599548339844,431.17095934525145,426.0195856235769,426.6902400823036,4836800,VOO
2024-01-22 00:00:00.000000,431.8415222167969,433.4161212610656,431.23891217284165,432.29834429235086,5870400,VOO
2024-01-23 00:00:00.000000,433.12457275390625,433.3189765119629,431.3361708948109,432.35671646998605,3251600,VOO
2024-01-24 00:00:00.000000,433.4841613769531,436.59444330779195,433.2509006137866,435.74884337946645,4568200,VOO
2024-01-25 00:00:00.000000,435.9237976074219,436.1765165471014,433.6008003679921,435.57390645572474,4167100,VOO
2024-01-26 00:00:00.000000,435.6614074707031,436.90551441597916,434.6214037104745,435.53504799267637,6404000,VOO
2024-01-29 00:00:00.000000,438.8299865722656,438.9466169667441,435.1559808369426,435.6614187621495,4543300,VOO
2024-01-30 00:00:00.000000,438.51898193359375,439.1410205912295,437.8094408182771,438.1982186870307,3410000,VOO
2024-01-31 00:00:00.000000,431.3750305175781,436.86659522691673,431.306986240342,436.4486598013469,7108000,VOO
2024-02-01 00:00:00.000000,437.0513000488281,437.0513000488281,432.1817735988637,432.8621570944858,6138400,VOO
2024-02-02 00:00:00.000000,441.541748046875,443.09688913547745,437.0804576268545,437.39149177694486,6253500,VOO
2024-02-05 00:00:00.000000,439.92828369140625,441.4153804707957,437.9066210766093,441.0071741104096,7101900,VOO
2024-02-06 00:00:00.000000,441.2987060546875,441.5514249795171,439.52973290457146,440.8613124789202,4383600,VOO
2024-02-07 00:00:00.000000,444.92413330078125,445.33233962793093,442.5039342852951,443.3592632817845,6763400,VOO
2024-02-08 00:00:00.000000,445.2254943847656,445.47818368419735,444.2146482014889,444.97277542348394,4184600,VOO
2024-02-09 00:00:00.000000,447.75262451171875,448.1025157163764,445.32272560653445,445.68234589860543,4002600,VOO
2024-02-12 00:00:00.000000,447.5484619140625,449.7645283818911,446.85837897615465,447.6942499063177,4564200,VOO
2024-02-13 00:00:00.000000,441.24041748046875,442.92191794922354,438.3536968270848,441.7361262746586,8152200,VOO
2024-02-14 00:00:00.000000,445.4393005371094,445.8086498705983,441.6583640737973,443.7772285364094,5624000,VOO
2024-02-15 00:00:00.000000,448.4524230957031,448.59821109325924,445.5754015219578,446.0322236888676,5695700,VOO
2024-02-16 00:00:00.000000,446.15850830078125,449.19101678844413,445.5461691519559,448.15101314398976,5527900,VOO
2024-02-20 00:00:00.000000,443.709228515625,445.21575383405093,441.68753620112847,444.61314370668055,5306800,VOO
2024-02-21 00:00:00.000000,444.15631103515625,444.3020990202807,440.8808124346834,442.55258387509025,4208600,VOO
2024-02-22 00:00:00.000000,453.4871520996094,454.2258211512874,449.3563242149013,450.2310818345871,4328500,VOO
2024-02-23 00:00:00.000000,453.69122314453125,455.7226148009538,453.02056876252476,454.96448762936143,4050600,VOO
2024-02-26 00:00:00.000000,452.0292053222656,454.47853254898746,451.9028458431759,454.0897546869149,3450800,VOO
2024-02-27 00:00:00.000000,452.8650207519531,453.04969540463264,450.9016735088582,452.65118850473715,3586900,VOO
2024-02-28 00:00:00.000000,452.165283203125,452.7678933639059,451.0961217911665,451.46547115728407,2800600,VOO
2024-02-29 00:00:00.000000,453.83697509765625,455.35322932046756,451.44596338658386,453.87586177722324,7332900,VOO
2024-03-01 00:00:00.000000,458.2108459472656,458.54130860773313,454.3230080662134,454.71178592194883,4839400,VOO
2024-03-04 00:00:00.000000,457.66650390625,459.34800429498284,457.40408555455707,457.4137849782039,3970200,VOO
2024-03-05 00:00:00.000000,453.0788879394531,456.21832761526434,451.04749626516883,455.8003921740631,4616500,VOO
2024-03-06 00:00:00.000000,455.4796142578125,457.46241976079006,454.2160788887483,456.0919534323973,5325100,VOO
2024-03-07 00:00:00.000000,459.9895324707031,460.89344762792433,457.57906238959856,458.4052338431026,7149800,VOO
2024-03-08 00:00:00.000000,457.2000732421875,462.94432815915997,456.6460491722332,460.485271650357,6285600,VOO
2024-03-11 00:00:00.000000,456.8209533691406,457.26804642243945,454.2841533764166,456.0433976536775,5323900,VOO
2024-03-12 00:00:00.000000,461.7099609375,462.21536924393814,456.4030699034151,458.6871808628183,4811000,VOO
2024-03-13 00:00:00.000000,461.0101013183594,462.1375778812641,459.6396348840144,461.9820608041204,3544500,VOO
2024-03-14 00:00:00.000000,459.99920654296875,462.0014404991265,457.25830362574027,461.83622401464015,5153000,VOO
2024-03-15 00:00:00.000000,456.8307189941406,458.5510767246721,455.57688286546096,457.21949688296763,6807100,VOO
2024-03-18 00:00:00.000000,459.6882019042969,461.95285421473403,459.25080831735136,460.66016128697913,3939100,VOO
2024-03-19 00:00:00.000000,462.2638854980469,462.39994438662694,458.0747429573527,458.95922954958496,4550200,VOO
2024-03-20 00:00:00.000000,466.2975769042969,466.5599952948461,461.61272492734184,462.2056356551239,6179400,VOO
2024-03-21 00:00:00.000000,467.8526611328125,469.68964896684025,467.7165725797047,469.0870388872984,5044700,VOO
2024-03-22 00:00:00.000000,467.2413024902344,468.3529138624443,466.8902861141077,467.9141136350483,5881500,VOO
2024-03-25 00:00:00.000000,466.0321350097656,466.86096322495837,465.6518375699867,465.8273754883948,6081300,VOO
2024-03-26 00:00:00.000000,464.72552490234375,467.42649968595043,464.55974735632515,467.1242257113575,8073500,VOO
2024-03-27 00:00:00.000000,468.7818908691406,468.88913593950014,465.5543617844185,467.563034575598,4951400,VOO
2024-03-28 00:00:00.000000,468.7234802246094,470.1470963230996,468.5284512764372,468.88922804904007,4065000,VOO
2024-04-01 00:00:00.000000,468.109130859375,469.95202630240794,466.900005049413,469.444992741609,5734000,VOO
2024-04-02 00:00:00.000000,465.0473327636719,465.10583548949086,462.8826426366622,464.46227574824627,4817800,VOO
2024-04-03 00:00:00.000000,465.4666442871094,466.87076931797674,463.9357831797264,463.98452553552175,6224800,VOO
2024-04-04 00:00:00.000000,459.733154296875,469.4840057345663,459.5283649914728,469.21098308460046,6871200,VOO
2024-04-05 00:00:00.000000,464.6183166503906,466.41246976729684,460.6497426793459,461.0690221548606,5588200,VOO
2024-04-08 00:00:00.000000,464.80352783203125,466.1589103155822,464.11122578847693,465.2618189892537,4736800,VOO
2024-04-09 00:00:00.000000,465.37884521484375,466.6757250347265,460.96171099467085,466.4612051269312,5250400,VOO
2024-04-10 00:00:00.000000,460.8739929199219,462.5706613258709,458.94334335614315,460.1524394269733,6933400,VOO
2024-04-11 00:00:00.000000,464.1990051269531,465.5348669378354,458.9433119705731,462.17084123484983,5109900,VOO
2024-04-12 00:00:00.000000,457.8706970214844,462.2390590290112,456.25205225718315,460.99095134725576,6959700,VOO
2024-04-15 00:00:00.000000,452.0591735839844,461.79053326429283,451.3181291680568,461.67352781742187,9530000,VOO
2024-04-16 00:00:00.000000,451.2498474121094,453.91184024728693,450.08949384989614,452.4881946832666,6761400,VOO
2024-04-17 00:00:00.000000,448.5293884277344,453.6485852347036,447.3008014289822,453.52181940975424,7156200,VOO
2024-04-18 00:00:00.000000,447.50555419921875,451.7569109139792,446.7937313699373,449.8652434562048,5637300,VOO
2024-04-19 00:00:00.000000,443.7612609863281,448.48066957623485,442.5911468948112,447.55432677401416,9787500,VOO
2024-04-22 00:00:00.000000,447.61285400390625,450.22610498370426,444.0050565791839,446.15022618806876,5818100,VOO
2024-04-23 00:00:00.000000,453.2585754394531,453.5413584636596,449.19248704698526,449.6897602362428,4257400,VOO
2024-04-24 00:00:00.000000,452.92706298828125,454.69196477133795,450.91838991190474,453.97041126542734,7687800,VOO
2024-04-25 00:00:00.000000,451.0548400878906,451.9129197135027,445.8674101137326,447.3397683394109,4876200,VOO
2024-04-26 00:00:00.000000,455.5694885253906,456.95412242193333,453.22929030214567,453.73632382739106,4907100,VOO
2024-04-29 00:00:00.000000,457.1589050292969,457.72447106411136,454.5944263972696,457.1589050292969,3253200,VOO
2024-04-30 00:00:00.000000,449.9335632324219,456.6714056332007,449.8653001256926,455.77434390021887,4364800,VOO
2024-05-01 00:00:00.000000,448.47088623046875,455.43300817962495,447.9931040502374,449.2899541496808,6115400,VOO
2024-05-02 00:00:00.000000,452.654052734375,453.3658756429811,447.7201240029532,451.8154639886107,3972400,VOO
2024-05-03 00:00:00.000000,458.2705078125,459.26508390580574,455.79378331673564,458.0559878993671,4586900,VOO
2024-05-06 00:00:00.000000,462.8924255371094,462.98017963010847,460.06468454171284,460.45471265189906,4782500,VOO
2024-05-07 00:00:00.000000,463.55548095703125,464.7646067951639,462.8826698133752,463.8480243605378,3451300,VOO
2024-05-08 00:00:00.000000,463.5749816894531,464.00399176637853,461.70280516245305,461.7905592525448,3214900,VOO
2024-05-09 00:00:00.000000,466.2369689941406,466.2369689941406,463.10695392435747,463.7407533346471,3486000,VOO
2024-05-10 00:00:00.000000,466.8122253417969,468.42113954221645,465.69088344244034,467.7385680779636,3347200,VOO
2024-05-13 00:00:00.000000,466.84149169921875,468.45040595131707,465.8274246006945,468.38214285125207,3108400,VOO
2024-05-14 00:00:00.000000,469.0549621582031,469.47424162495054,466.55874659059685,467.0462891586018,3257700,VOO
2024-05-15 00:00:00.000000,474.7688903808594,475.09068510157397,470.71253312598566,471.2975900895485,4399500,VOO
2024-05-16 00:00:00.000000,473.86212158203125,476.39734887022473,473.7255953804252,474.91520042872634,3347400,VOO
2024-05-17 00:00:00.000000,474.5641784667969,474.6031902035436,472.6237686042647,473.97912144454125,3274000,VOO
2024-05-20 00:00:00.000000,475.0322265625,476.43632174551567,474.3301640923741,474.65192908578194,2599600,VOO
2024-05-21 00:00:00.000000,476.3096008300781,476.40708553847895,474.2326647166638,474.4081729004697,2453600,VOO
2024-05-22 00:00:00.000000,474.92498779296875,476.2608497351691,472.8578119620686,475.63681069057577,3250600,VOO
2024-05-23 00:00:00.000000,471.39520263671875,477.7819989451371,470.27386058160005,477.70400522047436,3811300,VOO
2024-05-24 00:00:00.000000,474.6031494140625,475.2564397229329,472.26292152616946,473.09174975669544,2555200,VOO
2024-05-28 00:00:00.000000,474.98345947265625,475.5002533965972,472.4579925796439,475.2564821162999,4034700,VOO
2024-05-29 00:00:00.000000,471.6388854980469,472.60421016557734,470.92706270606175,471.1513429779229,5605000,VOO
2024-05-30 00:00:00.000000,468.46990966796875,470.72235397341484,467.2608136099076,470.10804557061374,3386800,VOO
2024-05-31 00:00:00.000000,472.5457763671875,472.82855940213034,464.60859845565005,469.2499836892826,5334000,VOO
2024-06-03 00:00:00.000000,473.06256103515625,474.2911778632605,468.4309065093676,474.18390302153125,4211300,VOO
2024-06-04 00:00:00.000000,473.6378479003906,474.2911680394703,470.53708428698235,471.94120927366475,2560300,VOO
2024-06-05 00:00:00.000000,479.3030700683594,479.3030700683594,473.9498623797661,475.71476403411344,3026100,VOO
2024-06-06 00:00:00.000000,479.19580078125,479.9173541980863,477.4406595889109,479.585828850966,21344000,VOO
2024-06-07 00:00:00.000000,478.5717468261719,481.23373981532575,477.34315985653063,478.3279755554256,3063600,VOO
2024-06-10 00:00:00.000000,480.1416931152344,480.4147157731048,477.3626944235877,477.95751185227124,3461900,VOO
2024-06-11 00:00:00.000000,481.2337341308594,481.36049995130765,476.9238450217915,478.7570097173072,4028400,VOO
2024-06-12 00:00:00.000000,485.24139404296875,487.688837563365,484.3345422272907,485.52414731458725,3698800,VOO
2024-06-13 00:00:00.000000,486.1579284667969,487.00627752151644,483.700724664718,486.85999094699605,8808900,VOO
2024-06-14 00:00:00.000000,486.54803466796875,486.60653740069534,483.92505304084676,484.8708868962466,5812000,VOO
2024-06-17 00:00:00.000000,490.4093322753906,491.61842835030205,485.5046551156365,486.06046079803457,4609500,VOO
2024-06-18 00:00:00.000000,491.7159118652344,491.79390557986466,490.10702740551784,490.51654648248933,3431700,VOO
2024-06-20 00:00:00.000000,490.3507995605469,493.13952866143234,488.70290336193796,492.5545014075653,4810900,VOO
2024-06-21 00:00:00.000000,489.2782287597656,490.68235376605327,488.37140670573245,489.5902631516601,4338100,VOO
2024-06-24 00:00:00.000000,487.9618225097656,491.87192322745796,487.9618225097656,489.521964599019,7022800,VOO
2024-06-25 00:00:00.000000,489.99005126953125,490.3020559039544,487.8546123972876,489.2099652903798,6325200,VOO
2024-06-26 00:00:00.000000,490.5361022949219,491.21864405774426,488.4104237717734,488.9759600756684,3202700,VOO
2024-06-27 00:00:00.000000,491.2966613769531,491.91096978585955,489.80478227985344,490.46783304362276,3619700,VOO
2024-06-28 00:00:00.000000,489.40216064453125,494.882045994192,488.3061895471936,492.1812387450581,5598600,VOO
2024-07-01 00:00:00.000000,490.52752685546875,490.9189408701463,487.90502010785656,490.7330139871538,4368500,VOO
2024-07-02 00:00:00.000000,493.7077941894531,493.78606504401796,488.8933154019355,488.9716161194742,4210100,VOO
2024-07-03 00:00:00.000000,495.93890380859375,496.26184201929135,493.4044629907935,493.4044629907935,2131100,VOO
2024-07-05 00:00:00.000000,498.90386962890625,499.15830215507793,495.62572154258635,496.2520078030174,3156900,VOO
2024-07-08 00:00:00.000000,499.38336181640625,500.2444905142229,498.3950467153436,499.5497284406099,3143400,VOO
2024-07-09 00:00:00.000000,499.931396484375,501.0273676463413,499.5888980305169,500.2445097713836,3140600,VOO
2024-07-10 00:00:00.000000,504.7458190917969,505.1078777749723,500.7141983013472,500.99798613260884,3446900,VOO
2024-07-11 00:00:00.000000,500.420654296875,505.7047879910167,499.8726388717103,504.9317550611593,5537800,VOO
2024-07-12 00:00:00.000000,503.5128479003906,506.91824222555465,501.18389431960867,501.49703746019543,5238200,VOO
2024-07-15 00:00:00.000000,505.0394287109375,507.9848737819336,503.30743581585654,505.4993782707506,7771500,VOO
2024-07-16 00:00:00.000000,507.906494140625,508.2588174793808,505.51883011054537,506.23321211679354,4164300,VOO
2024-07-17 00:00:00.000000,500.81207275390625,504.06083579786605,500.5869955212603,502.5440953645252,4984300,VOO
2024-07-18 00:00:00.000000,497.044677734375,503.160615090969,495.01907211475697,502.2407757234992,5055900,VOO
2024-07-19 00:00:00.000000,493.72735595703125,498.2776370285527,492.7586010810688,496.7511015245622,4039400,VOO
2024-07-22 00:00:00.000000,498.85498046875,499.37361074055394,495.5768322090196,497.3675654530298,4342900,VOO
2024-07-23 00:00:00.000000,498.0232238769531,500.6750859327214,497.58286444547866,498.7277810495271,3116000,VOO
2024-07-24 00:00:00.000000,486.62310791015625,493.8741665474133,485.8989606479035,493.60993895137176,6157400,VOO
2024-07-25 00:00:00.000000,484.16693115234375,492.34762406178413,483.32539255027973,486.8775036964725,5646600,VOO
2024-07-26 00:00:00.000000,489.5978698730469,492.102985150058,486.9949533570809,487.67012533006766,3636000,VOO
2024-07-29 00:00:00.000000,489.9599609375,491.98553659277644,488.07133688043524,491.0559320788797,3096200,VOO
2024-07-30 00:00:00.000000,487.3961486816406,492.22042265797694,484.3039571017678,491.28099319938235,3817800,VOO
2024-07-31 00:00:00.000000,495.0777587890625,497.7394157924894,492.51396275120493,493.65887930871577,5367600,VOO
2024-08-01 00:00:00.000000,488.3257751464844,498.96260821147746,485.11613253923093,496.946797725012,6939200,VOO
2024-08-02 00:00:00.000000,479.4013977050781,482.9339486027886,475.3795419815216,481.84777251943956,8561200,VOO
2024-08-05 00:00:00.000000,465.0069580078125,470.858667720118,458.8323100819197,460.08485284985886,15244300,VOO
2024-08-06 00:00:00.000000,469.6452331542969,476.4167816202134,465.73103362297826,467.14994289827024,8255000,VOO
2024-08-07 00:00:00.000000,466.3866271972656,478.07051473324947,465.89735227486415,475.2816715659384,5976400,VOO
2024-08-08 00:00:00.000000,477.2681884765625,477.79658395997006,469.3517227885913,471.1620163459648,4177200,VOO
2024-08-09 00:00:00.000000,479.3133544921875,480.67352342463397,475.39915460386055,476.48533073864314,7661300,VOO
2024-08-12 00:00:00.000000,479.5579833984375,481.7890761003158,477.51281757696364,480.40931708082894,3578100,VOO
2024-08-13 00:00:00.000000,487.52337646484375,487.6897431009109,482.34686857951766,482.5621507693234,3247900,VOO
2024-08-14 00:00:00.000000,489.07928466796875,490.1067800996478,485.8305213199019,488.21818574122517,3700500,VOO
2024-08-15 00:00:00.000000,497.4752197265625,497.6807068508639,493.66864615288887,494.2557820852954,4279000,VOO
2024-08-16 00:00:00.000000,498.5222473144531,499.1680639545462,495.7822897381479,495.96821660401395,3449300,VOO
2024-08-19 00:00:00.000000,503.3171081542969,503.3171081542969,498.14060077740953,498.9234287381907,3804300,VOO
2024-08-20 00:00:00.000000,502.48541259765625,504.42292243752996,501.262225127847,502.896386864246,3156000,VOO
2024-08-21 00:00:00.000000,504.24676513671875,505.5775787024164,501.8493058718112,503.4345519745285,3344100,VOO
2024-08-22 00:00:00.000000,500.1662292480469,506.5268037771389,499.15832401718666,505.959228095893,3677100,VOO
2024-08-23 00:00:00.000000,505.5775451660156,506.448468876982,501.26216655619163,503.29756699138727,5102800,VOO
2024-08-26 00:00:00.000000,504.3348693847656,507.17262838349,502.8572494148955,506.5366067562003,3398600,VOO
2024-08-27 00:00:00.000000,505.0100402832031,505.5091102796263,502.1526316224949,503.22907232923677,3031800,VOO
2024-08-28 00:00:00.000000,502.12335205078125,505.15683307444897,499.21705743860997,504.73606375348544,3940400,VOO
2024-08-29 00:00:00.000000,502.20166015625,506.97698886923763,501.14480944738847,503.94344807501403,3487100,VOO
2024-08-30 00:00:00.000000,506.92803955078125,507.4564947952518,501.1350400563267,504.364243232501,5637700,VOO
2024-09-03 00:00:00.000000,496.67279052734375,504.3739735502215,494.2655661074839,504.0706254667948,5866400,VOO
2024-09-04 00:00:00.000000,495.4398193359375,498.60054637149466,494.1872766157027,494.83312315530446,3601400,VOO
2024-09-05 00:00:00.000000,494.21661376953125,498.0231872048973,492.05402685776596,495.49851174617265,3425600,VOO
2024-09-06 00:00:00.000000,485.9870300292969,496.0660819163792,485.16502184511324,494.50039612517935,7411400,VOO
2024-09-09 00:00:00.000000,491.4571533203125,492.5726847372468,488.0517887354574,489.86211211990314,3656800,VOO
2024-09-10 00:00:00.000000,493.48272705078125,493.8839361131967,488.78569924348113,493.14025845920844,2975400,VOO
2024-09-11 00:00:00.000000,498.5320129394531,499.4910025714388,485.60537740090217,493.492487035746,5956900,VOO
2024-09-12 00:00:00.000000,502.8181457519531,503.11169879944896,497.16209822441374,499.1485534804031,4092900,VOO
2024-09-13 00:00:00.000000,505.4895324707031,506.42896188247505,503.1996994096106,503.39542133613975,4416600,VOO
2024-09-16 00:00:00.000000,506.25274658203125,506.4876487184101,503.61070973869124,505.26446139244024,4256300,VOO
2024-09-17 00:00:00.000000,506.4876708984375,509.5700672592992,504.4424753204378,508.2979643297715,8150000,VOO
2024-09-18 00:00:00.000000,504.8436584472656,511.5173760092852,504.413094097266,507.0649858581663,6921300,VOO
2024-09-19 00:00:00.000000,513.6506958007812,515.3044478236911,510.9890682537786,513.6213703559024,5558400,VOO
2024-09-20 00:00:00.000000,512.642822265625,513.6604928506114,509.94201448036284,512.2807635129877,5612700,VOO
2024-09-23 00:00:00.000000,513.905029296875,514.5509056711675,512.5938058900675,513.7386925387462,29289200,VOO
2024-09-24 00:00:00.000000,515.3826293945312,515.5392308175344,512.1534268249226,514.7270177163062,4650600,VOO
2024-09-25 00:00:00.000000,514.3356323242188,515.9893841526753,513.3962625832398,515.3141822883717,35418000,VOO
2024-09-26 00:00:00.000000,516.3807373046875,518.553089174986,514.2181207625221,518.3084517269286,5273900,VOO
2024-09-27 00:00:00.000000,515.71240234375,518.0584379456518,514.6719099718661,517.3909579252016,5598600,VOO
2024-09-30 00:00:00.000000,517.960205078125,518.2449070645155,512.5810630019286,514.6718731705009,8013000,VOO
2024-10-01 00:00:00.000000,513.1209106445312,517.4006667293633,510.6570882457767,517.3417732020318,9198700,VOO
2024-10-02 00:00:00.000000,513.209228515625,514.2104183780814,510.0190329680171,512.247221118015,3270600,VOO
2024-10-03 00:00:00.000000,512.2374877929688,514.1221405062346,510.25463926328547,511.9626114014354,4008000,VOO
2024-10-04 00:00:00.000000,516.958984375,517.3221711045891,512.6889940410271,516.4779506811909,5354400,VOO
2024-10-07 00:00:00.000000,512.30615234375,516.0460410029416,511.22641773605807,515.4767568922831,3970500,VOO
2024-10-08 00:00:00.000000,517.1553344726562,517.675610625276,513.8670022625352,514.6719205156959,2626700,VOO
2024-10-09 00:00:00.000000,520.6890869140625,521.2584309841073,516.6252535697353,517.1749464922503,2941800,VOO
2024-10-10 00:00:00.000000,519.8154296875,521.1307983688197,518.3725082882332,519.5307876194084,3637600,VOO
2024-10-11 00:00:00.000000,522.9074096679688,523.6141318993505,519.6484951396534,519.7564566063327,5429200,VOO
2024-10-14 00:00:00.000000,527.187255859375,528.0804843741477,524.1442637409352,524.4191401528863,2638900,VOO
2024-10-15 00:00:00.000000,523.1724853515625,527.7172923809006,522.0338571568755,527.4915438390653,4811300,VOO
2024-10-16 00:00:00.000000,525.3712158203125,525.8718407321495,522.4264197855338,523.1233764154284,3237200,VOO
2024-10-17 00:00:00.000000,525.44970703125,528.8460596808171,525.3025031917047,528.7086215009567,3225300,VOO
2024-10-18 00:00:00.000000,527.4718627929688,528.1982362446857,525.7049971162462,527.0203657348907,5070400,VOO
2024-10-21 00:00:00.000000,526.6571655273438,527.7172489590226,523.8890500761253,526.8436117599301,3671400,VOO
2024-10-22 00:00:00.000000,526.2938842773438,527.3933298393996,523.6533816204593,524.2816191096271,3366600,VOO
2024-10-23 00:00:00.000000,521.4939575195312,524.8804250854173,518.3037617628916,524.4485791754515,5227800,VOO
2024-10-24 00:00:00.000000,522.671875,523.368831703961,520.2865971477867,523.3590061302095,4477800,VOO
2024-10-25 00:00:00.000000,522.4656982421875,527.3736914095894,521.6313034565136,524.8117333550919,4327200,VOO
2024-10-28 00:00:00.000000,524.0951538085938,525.7148156057839,523.8497541370213,525.6755732266629,3408000,VOO
2024-10-29 00:00:00.000000,524.9295043945312,525.9601709458583,521.9650574399499,523.3098427338572,3027600,VOO
2024-10-30 00:00:00.000000,523.34912109375,526.3332193974288,522.7896625738384,524.5172259087763,3067000,VOO
2024-10-31 00:00:00.000000,513.0521850585938,519.4914702508985,512.895155625039,519.3540919635498,7972800,VOO
2024-11-01 00:00:00.000000,515.2803344726562,519.3441667636745,514.887671096048,515.496257391377,6106900,VOO
2024-11-04 00:00:00.000000,514.161376953125,516.595782421369,512.4239880285168,515.3982008766952,3681500,VOO
2024-11-05 00:00:00.000000,520.345458984375,520.4141780844138,514.8288789552767,515.0644530628205,3300300,VOO
2024-11-06 00:00:00.000000,533.3026123046875,534.1271816521808,528.2670057031606,531.6830102433065,7483300,VOO
2024-11-07 00:00:00.000000,537.454833984375,538.3873049394914,535.1186239854154,535.1872831806456,6051300,VOO
2024-11-08 00:00:00.000000,539.8302612304688,541.096502088775,537.9750251567375,537.9848507304665,6798000,VOO
2024-11-11 00:00:00.000000,540.27197265625,541.5774558490915,538.7504466734412,541.2829882083015,4893100,VOO
2024-11-12 00:00:00.000000,538.6522827148438,540.8019862487199,536.3749665579315,540.262118950045,4818600,VOO
2024-11-13 00:00:00.000000,538.9271850585938,540.7431187630457,536.9050341383477,539.0547377757425,3701600,VOO
2024-11-14 00:00:00.000000,535.5014038085938,539.4572758487509,534.8535749425033,538.9958932446852,3940300,VOO
2024-11-15 00:00:00.000000,528.5909423828125,532.5860566019652,526.8731445199156,532.1541507428126,7360100,VOO
2024-11-18 00:00:00.000000,530.7798461914062,531.9577766145053,528.247364680578,529.0031549398423,4494500,VOO
2024-11-19 00:00:00.000000,532.7136840820312,533.371338506784,527.020422988747,527.6093583076246,6978400,VOO
2024-11-20 00:00:00.000000,532.9099731445312,533.0768281528436,527.5504225238491,532.7921860901894,3949100,VOO
2024-11-21 00:00:00.000000,535.5995483398438,537.0032273419623,530.1025594746174,535.5406548122035,4530600,VOO
2024-11-22 00:00:00.000000,537.3959350585938,537.9652792108333,535.3346012795816,535.7763327785253,5574600,VOO
2024-11-25 00:00:00.000000,539.1234741210938,542.2155342162587,537.1308597691253,541.0572548552856,4305000,VOO
2024-11-26 00:00:00.000000,542.1467895507812,542.6474144865879,539.7320351183151,540.3700982545455,4438600,VOO
2024-11-27 00:00:00.000000,540.4191284179688,542.2154707349451,539.0056239559594,541.8817008304034,3312200,VOO
2024-11-29 00:00:00.000000,543.2658081054688,544.4928064705492,540.929598425393,541.145521379873,3988700,VOO
2024-12-02 00:00:00.000000,544.7970581054688,545.346750934607,543.6976724471922,544.1589950394936,5441000,VOO
2024-12-03 00:00:00.000000,544.9246826171875,545.2093246540551,543.5994885078474,544.5909127187683,4202900,VOO
2024-12-04 00:00:00.000000,548.3603515625,548.5959256815081,545.9357714449679,546.5836601842743,5490300,VOO
2024-12-05 00:00:00.000000,547.4473876953125,549.1160574189815,547.2019880404171,548.3504416499608,3021600,VOO
2024-12-06 00:00:00.000000,548.5369262695312,549.6559630308499,547.8105529054544,548.193330818939,5134900,VOO
2024-12-09 00:00:00.000000,545.6805419921875,548.5860958990751,545.1603258020416,548.4290664582859,4412300,VOO
2024-12-10 00:00:00.000000,544.1295776367188,546.6326421253625,543.3835531025607,546.3381745229383,4110100,VOO
2024-12-11 00:00:00.000000,548.2523803710938,549.0965409199401,546.4167355835775,546.6719608453295,3514400,VOO
2024-12-12 00:00:00.000000,545.4254150390625,547.928480078592,545.3959383163202,547.4082039397836,4048600,VOO
2024-12-13 00:00:00.000000,545.3861083984375,547.8891734180316,544.0020804174508,547.2511701294499,4666900,VOO
2024-12-16 00:00:00.000000,547.5259399414062,548.5173642553202,546.1811544597703,546.8781111339158,22846800,VOO
2024-12-17 00:00:00.000000,545.22900390625,546.1517090705922,544.0903158760254,545.2485951398543,6110900,VOO
2024-12-18 00:00:00.000000,529.2191162109375,547.2707299567629,528.6203554069077,545.0817242036275,24584900,VOO
2024-12-19 00:00:00.000000,529.0228271484375,535.0694490234442,528.738185082268,533.6854211618189,16792100,VOO
2024-12-20 00:00:00.000000,535.010498046875,539.4276919010296,525.9896042015761,526.7356287495352,9389400,VOO
2024-12-23 00:00:00.000000,538.8402099609375,539.0075990334528,532.075046864281,535.0194116342575,7063400,VOO
2024-12-24 00:00:00.000000,544.3843383789062,544.4631344606987,539.1848788490076,539.6969632249583,3439300,VOO
2024-12-26 00:00:00.000000,544.37451171875,545.5167845013513,541.5285966302906,542.7890935940745,4492000,VOO
2024-12-27 00:00:00.000000,538.7318725585938,541.2330918979649,534.911074447244,540.9869067624593,7077100,VOO
2024-12-30 00:00:00.000000,532.7348022460938,535.7875341378216,529.1996171855977,532.3113710047868,6505100,VOO
